,ORCL,MSFT,TROW,EMC,LLTC,ADM,FI,CERN,KO,CDNS,FICO,SIVB,MGM,WM,CHTR,TT,FRC,TRGP,HII,XYL,FANG,NAVI,APO,HLT,AMAT,DD,CDW,MPC,NOW,GD,KKR,APTV,META,NCLH,PAYC,ABBV,EPAM,ENPH,ZTS,MXIM,CPRI,WDAY,CPAY,PSX,LYB,HCA,PANW,COP,TRIP,IQV,FAST,KMI,XRAY,NXPI,KSU,CELG,GE,FBIN,SIG,ETN,GM,XOM,PBCT,ED,DTE,NLSN,IBM,PCG
2015-11-30,0.000000,0.000000,0.000000,0.000000,0.000000,0.000000,0.000000,0.000000,0.000000,0.000000,0.000000,0.000000,0.000000,0.000000,0.000000,0.000000,0.000000,0.000000,0.000000,0.000000,0.000000,0.000000,0.000000,0.000000,0.000000,0.000000,0.000000,0.000000,0.000000,0.000000,0.000000,0.000000,0.000000,0.000000,0.000000,0.000000,0.000000,0.000000,0.000000,0.000000,0.000000,0.000000,0.000000,0.000000,0.000000,0.000000,0.000000,0.000000,0.000000,0.000000,0.000000,0.000000,0.000000,0.000000,0.000000,0.000000,0.000000,0.000000,0.000000,0.000000,0.000000,0.000000,0.000000,0.000000,0.000000,0.000000,0.000000,0.000000
2015-12-31,0.000000,0.000000,0.000000,0.000000,0.000000,0.000000,0.000000,0.000000,0.000000,0.000000,0.000000,0.000000,0.000000,0.000000,0.000000,0.000000,0.000000,0.000000,0.000000,0.000000,0.000000,0.000000,0.000000,0.000000,0.000000,0.000000,0.000000,0.000000,0.000000,0.000000,0.000000,0.000000,0.000000,0.000000,0.000000,0.000000,0.000000,0.000000,0.000000,0.000000,0.000000,0.000000,0.000000,0.000000,0.000000,0.000000,0.000000,0.000000,0.000000,0.000000,0.000000,0.000000,0.000000,0.000000,0.000000,0.000000,0.000000,0.000000,0.000000,0.000000,0.000000,0.000000,0.000000,0.000000,0.000000,0.000000,0.000000,0.000000
2016-01-31,0.000000,0.000000,0.000000,0.000000,0.000000,0.000000,0.000000,0.000000,0.000000,0.000000,0.000000,0.000000,0.000000,0.000000,0.000000,0.000000,0.000000,0.000000,0.000000,0.000000,0.000000,0.000000,0.000000,0.000000,0.000000,0.000000,0.000000,0.000000,0.000000,0.000000,0.000000,0.000000,0.000000,0.000000,0.000000,0.000000,0.000000,0.000000,0.000000,0.000000,0.000000,0.000000,0.000000,0.000000,0.000000,0.000000,0.000000,0.000000,0.000000,0.000000,0.000000,0.000000,0.000000,0.000000,0.000000,0.000000,0.000000,0.000000,0.000000,0.000000,0.000000,0.000000,0.000000,0.000000,0.000000,0.000000,0.000000,0.000000
2016-02-29,0.000000,0.000000,0.000000,0.000000,0.000000,0.000000,0.000000,0.000000,0.000000,0.000000,0.000000,0.000000,0.000000,0.000000,0.000000,0.000000,0.000000,0.000000,0.000000,0.000000,0.000000,0.000000,0.000000,0.000000,0.000000,0.000000,0.000000,0.000000,0.000000,0.000000,0.000000,0.000000,0.000000,0.000000,0.000000,0.000000,0.000000,0.000000,0.000000,0.000000,0.000000,0.000000,0.000000,0.000000,0.000000,0.000000,0.000000,0.000000,0.000000,0.000000,0.000000,0.000000,0.000000,0.000000,0.000000,0.000000,0.000000,0.000000,0.000000,0.000000,0.000000,0.000000,0.000000,0.000000,0.000000,0.000000,0.000000,0.000000
2016-03-31,0.000000,0.000000,0.000000,0.000000,0.000000,0.000000,0.000000,0.000000,0.000000,0.000000,0.000000,0.000000,0.000000,0.000000,0.000000,0.000000,0.000000,0.000000,0.000000,0.000000,0.000000,0.000000,0.000000,0.000000,0.000000,0.000000,0.000000,0.000000,0.000000,0.000000,0.000000,0.000000,0.000000,0.000000,0.000000,0.000000,0.000000,0.000000,0.000000,0.000000,0.000000,0.000000,0.000000,0.000000,0.000000,0.000000,0.000000,0.000000,0.000000,0.000000,0.000000,0.000000,0.000000,0.000000,0.000000,0.000000,0.000000,0.000000,0.000000,0.000000,0.000000,0.000000,0.000000,0.000000,0.000000,0.000000,0.000000,0.000000
2016-04-30,0.000000,0.000000,0.000000,0.000000,0.000000,0.000000,0.000000,0.000000,0.000000,0.000000,0.000000,0.000000,0.000000,0.000000,0.000000,0.000000,0.000000,0.000000,0.000000,0.000000,0.000000,0.000000,0.000000,0.000000,0.000000,0.000000,0.000000,0.000000,0.000000,0.000000,0.000000,0.000000,0.000000,0.000000,0.000000,0.000000,0.000000,0.000000,0.000000,0.000000,0.000000,0.000000,0.000000,0.000000,0.000000,0.000000,0.000000,0.000000,0.000000,0.000000,0.000000,0.000000,0.000000,0.000000,0.000000,0.000000,0.000000,0.000000,0.000000,0.000000,0.000000,0.000000,0.000000,0.000000,0.000000,0.000000,0.000000,0.000000
2016-05-31,0.000000,0.000000,0.000000,0.000000,0.000000,0.000000,0.000000,0.000000,0.000000,0.000000,0.000000,0.000000,0.000000,0.000000,0.000000,0.000000,0.000000,0.000000,0.000000,0.000000,0.000000,0.000000,0.000000,0.000000,0.000000,0.000000,0.000000,0.000000,0.000000,0.000000,0.000000,0.000000,0.000000,0.000000,0.000000,0.000000,0.000000,0.000000,0.000000,0.000000,0.000000,0.000000,0.000000,0.000000,0.000000,0.000000,0.000000,0.000000,0.000000,0.000000,0.000000,0.000000,0.000000,0.000000,0.000000,0.000000,0.000000,0.000000,0.000000,0.000000,0.000000,0.000000,0.000000,0.000000,0.000000,0.000000,0.000000,0.000000
2016-06-30,0.000000,0.000000,0.000000,0.000000,0.000000,0.000000,0.000000,0.000000,0.000000,0.000000,0.000000,0.000000,0.000000,0.000000,0.000000,0.000000,0.000000,0.000000,0.000000,0.000000,0.000000,0.000000,0.000000,0.000000,0.000000,0.000000,0.000000,0.000000,0.000000,0.000000,0.000000,0.000000,0.000000,0.000000,0.000000,0.000000,0.000000,0.000000,0.000000,0.000000,0.000000,0.000000,0.000000,0.000000,0.000000,0.000000,0.000000,0.000000,0.000000,0.000000,0.000000,0.000000,0.000000,0.000000,0.000000,0.000000,0.000000,0.000000,0.000000,0.000000,0.000000,0.000000,0.000000,0.000000,0.000000,0.000000,0.000000,0.000000
2016-07-31,0.000000,0.000000,0.000000,0.000000,0.000000,0.000000,0.000000,0.000000,0.000000,0.000000,0.000000,0.000000,0.000000,0.000000,0.000000,0.000000,0.000000,0.000000,0.000000,0.000000,0.000000,0.000000,0.000000,0.000000,0.000000,0.000000,0.000000,0.000000,0.000000,0.000000,0.000000,0.000000,0.000000,0.000000,0.000000,0.000000,0.000000,0.000000,0.000000,0.000000,0.000000,0.000000,0.000000,0.000000,0.000000,0.000000,0.000000,0.000000,0.000000,0.000000,0.000000,0.000000,0.000000,0.000000,0.000000,0.000000,0.000000,0.000000,0.000000,0.000000,0.000000,0.000000,0.000000,0.000000,0.000000,0.000000,0.000000,0.000000
2016-08-31,0.000000,0.000000,0.000000,0.000000,0.000000,0.000000,0.000000,0.000000,0.000000,0.000000,0.000000,0.000000,0.000000,0.000000,0.000000,0.000000,0.000000,0.000000,0.000000,0.000000,0.000000,0.000000,0.000000,0.000000,0.000000,0.000000,0.000000,0.000000,0.000000,0.000000,0.000000,0.000000,0.000000,0.000000,0.000000,0.000000,0.000000,0.000000,0.000000,0.000000,0.000000,0.000000,0.000000,0.000000,0.000000,0.000000,0.000000,0.000000,0.000000,0.000000,0.000000,0.000000,0.000000,0.000000,0.000000,0.000000,0.000000,0.000000,0.000000,0.000000,0.000000,0.000000,0.000000,0.000000,0.000000,0.000000,0.000000,0.000000
2016-09-30,0.000000,0.000000,0.000000,0.000000,0.000000,0.000000,0.000000,0.000000,0.000000,0.000000,0.000000,0.000000,0.000000,0.000000,0.000000,0.000000,0.000000,0.000000,0.000000,0.000000,0.000000,0.000000,0.000000,0.000000,0.000000,0.000000,0.000000,0.000000,0.000000,0.000000,0.000000,0.000000,0.000000,0.000000,0.000000,0.000000,0.000000,0.000000,0.000000,0.000000,0.000000,0.000000,0.000000,0.000000,0.000000,0.000000,0.000000,0.000000,0.000000,0.000000,0.000000,0.000000,0.000000,0.000000,0.000000,0.000000,0.000000,0.000000,0.000000,0.000000,0.000000,0.000000,0.000000,0.000000,0.000000,0.000000,0.000000,0.000000
2016-10-31,0.000000,0.000000,0.000000,0.000000,0.000000,0.000000,0.000000,0.000000,0.000000,0.000000,0.000000,0.000000,0.000000,0.000000,0.000000,0.000000,0.000000,0.000000,0.000000,0.000000,0.000000,0.000000,0.000000,0.000000,0.000000,0.000000,0.000000,0.000000,0.000000,0.000000,0.000000,0.000000,0.000000,0.000000,0.000000,0.000000,0.000000,0.000000,0.000000,0.000000,0.000000,0.000000,0.000000,0.000000,0.000000,0.000000,0.000000,0.000000,0.000000,0.000000,0.000000,0.000000,0.000000,0.000000,0.000000,0.000000,0.000000,0.000000,0.000000,0.000000,0.000000,0.000000,0.000000,0.000000,0.000000,0.000000,0.000000,0.000000
2016-11-30,0.000000,0.000000,0.000000,0.000000,0.000000,0.000000,0.000000,0.000000,0.000000,0.000000,0.000000,0.000000,0.000000,0.000000,0.000000,0.000000,0.000000,0.000000,0.000000,0.000000,0.000000,0.000000,0.000000,0.000000,0.000000,0.000000,0.000000,0.000000,0.000000,0.000000,0.000000,0.000000,0.000000,0.000000,0.000000,0.000000,0.000000,0.000000,0.000000,0.000000,0.000000,0.000000,0.000000,0.000000,0.000000,0.000000,0.000000,0.000000,0.000000,0.000000,0.000000,0.000000,0.000000,0.000000,0.000000,0.000000,0.000000,0.000000,0.000000,0.000000,0.000000,0.000000,0.000000,0.000000,0.000000,0.000000,0.000000,0.000000
2016-12-31,0.000000,0.000000,0.000000,0.000000,0.000000,0.000000,0.000000,0.000000,0.000000,0.000000,0.000000,0.000000,0.000000,0.000000,0.000000,0.000000,0.000000,0.000000,0.000000,0.000000,0.000000,0.000000,0.000000,0.000000,0.000000,0.000000,0.000000,0.000000,0.000000,0.000000,0.000000,0.000000,0.000000,0.000000,0.000000,0.000000,0.000000,0.000000,0.000000,0.000000,0.000000,0.000000,0.000000,0.000000,0.000000,0.000000,0.000000,0.000000,0.000000,0.000000,0.000000,0.000000,0.000000,0.000000,0.000000,0.000000,0.000000,0.000000,0.000000,0.000000,0.000000,0.000000,0.000000,0.000000,0.000000,0.000000,0.000000,0.000000
2017-01-31,0.000000,0.000000,0.000000,0.000000,0.000379,0.000379,0.000000,0.000000,0.000000,0.000000,0.000379,0.000379,0.000379,0.000379,0.000379,0.000379,0.000379,0.000379,0.000000,0.000000,0.000000,0.000000,0.000000,0.000000,0.000000,0.000000,0.000000,0.000000,0.000000,0.000000,0.000000,0.000000,0.000000,0.000000,0.000000,0.000000,0.000000,0.000000,0.000000,0.000000,0.000000,0.000000,0.000000,0.000000,0.000000,0.000000,0.000000,0.000000,0.000000,0.000000,0.000000,0.000000,0.000000,0.000000,0.000000,0.000000,0.000000,0.000000,0.000000,0.000000,0.000000,0.000000,0.000000,0.000000,0.000000,0.000000,0.000000,0.000000
2017-02-28,0.000000,0.000000,0.000000,0.000000,0.007576,0.000000,0.000000,0.000000,0.000000,0.000000,0.000000,0.007576,0.000000,0.000000,0.007576,0.007576,0.007576,0.007576,0.007576,0.007576,0.007576,0.007576,0.000000,0.000000,0.000000,0.000000,0.000000,0.000000,0.000000,0.000000,0.000000,0.000000,0.000000,0.000000,0.000000,0.000000,0.000000,0.000000,0.000000,0.000000,0.000000,0.000000,0.000000,0.000000,0.000000,0.000000,0.000000,0.000000,0.000000,0.000000,0.000000,0.000000,0.000000,0.000000,0.000000,0.000000,0.000000,0.000000,0.000000,0.000000,0.000000,0.000000,0.000000,0.000000,0.000000,0.000000,0.000000,0.000000
2017-03-31,0.000000,0.000000,0.000000,0.000000,0.007576,0.000000,0.000000,0.000000,0.000000,0.000000,0.000000,0.007576,0.000000,0.000000,0.007576,0.007576,0.000000,0.007576,0.007576,0.000000,0.000000,0.007576,0.007576,0.007576,0.007576,0.000000,0.000000,0.000000,0.000000,0.000000,0.000000,0.000000,0.000000,0.000000,0.000000,0.000000,0.000000,0.000000,0.000000,0.000000,0.000000,0.000000,0.000000,0.000000,0.000000,0.000000,0.000000,0.000000,0.000000,0.000000,0.000000,0.000000,0.000000,0.000000,0.000000,0.000000,0.000000,0.000000,0.000000,0.000000,0.000000,0.000000,0.000000,0.000000,0.000000,0.000000,0.000000,0.000000
2017-04-30,0.000000,0.000000,0.000000,0.000000,0.007576,0.000000,0.000000,0.000000,0.000000,0.007576,0.000000,0.007576,0.000000,0.000000,0.007576,0.007576,0.000000,0.007576,0.007576,0.000000,0.000000,0.000000,0.007576,0.000000,0.000000,0.007576,0.007576,0.000000,0.000000,0.000000,0.000000,0.000000,0.000000,0.000000,0.000000,0.000000,0.000000,0.000000,0.000000,0.000000,0.000000,0.000000,0.000000,0.000000,0.000000,0.000000,0.000000,0.000000,0.000000,0.000000,0.000000,0.000000,0.000000,0.000000,0.000000,0.000000,0.000000,0.000000,0.000000,0.000000,0.000000,0.000000,0.000000,0.000000,0.000000,0.000000,0.000000,0.000000
2017-05-31,0.000000,0.000000,0.000000,0.000000,0.007576,0.000000,0.000000,0.000000,0.000000,0.007576,0.000000,0.007576,0.000000,0.000000,0.007576,0.000000,0.007576,0.007576,0.007576,0.000000,0.000000,0.000000,0.007576,0.000000,0.000000,0.000000,0.000000,0.007576,0.007576,0.000000,0.000000,0.000000,0.000000,0.000000,0.000000,0.000000,0.000000,0.000000,0.000000,0.000000,0.000000,0.000000,0.000000,0.000000,0.000000,0.000000,0.000000,0.000000,0.000000,0.000000,0.000000,0.000000,0.000000,0.000000,0.000000,0.000000,0.000000,0.000000,0.000000,0.000000,0.000000,0.000000,0.000000,0.000000,0.000000,0.000000,0.000000,0.000000
2017-06-30,0.000000,0.000000,0.000000,0.000000,0.007576,0.000000,0.000000,0.000000,0.000000,0.007576,0.000000,0.007576,0.007576,0.000000,0.007576,0.000000,0.000000,0.000000,0.000000,0.000000,0.000000,0.000000,0.007576,0.000000,0.000000,0.000000,0.007576,0.007576,0.007576,0.007576,0.000000,0.000000,0.000000,0.000000,0.000000,0.000000,0.000000,0.000000,0.000000,0.000000,0.000000,0.000000,0.000000,0.000000,0.000000,0.000000,0.000000,0.000000,0.000000,0.000000,0.000000,0.000000,0.000000,0.000000,0.000000,0.000000,0.000000,0.000000,0.000000,0.000000,0.000000,0.000000,0.000000,0.000000,0.000000,0.000000,0.000000,0.000000
2017-07-31,0.000000,0.000000,0.000000,0.000000,0.007576,0.000000,0.000000,0.000000,0.000000,0.007576,0.000000,0.007576,0.007576,0.000000,0.007576,0.000000,0.000000,0.000000,0.000000,0.000000,0.000000,0.000000,0.007576,0.000000,0.000000,0.000000,0.000000,0.007576,0.007576,0.007576,0.007576,0.000000,0.000000,0.000000,0.000000,0.000000,0.000000,0.000000,0.000000,0.000000,0.000000,0.000000,0.000000,0.000000,0.000000,0.000000,0.000000,0.000000,0.000000,0.000000,0.000000,0.000000,0.000000,0.000000,0.000000,0.000000,0.000000,0.000000,0.000000,0.000000,0.000000,0.000000,0.000000,0.000000,0.000000,0.000000,0.000000,0.000000
2017-08-31,0.000000,0.000000,0.000000,0.000000,0.000000,0.000000,0.000000,0.000000,0.000000,0.007576,0.000000,0.007576,0.000000,0.000000,0.007576,0.000000,0.007576,0.000000,0.000000,0.000000,0.000000,0.000000,0.007576,0.007576,0.000000,0.000000,0.007576,0.007576,0.007576,0.000000,0.007576,0.000000,0.000000,0.000000,0.000000,0.000000,0.000000,0.000000,0.000000,0.000000,0.000000,0.000000,0.000000,0.000000,0.000000,0.000000,0.000000,0.000000,0.000000,0.000000,0.000000,0.000000,0.000000,0.000000,0.000000,0.000000,0.000000,0.000000,0.000000,0.000000,0.000000,0.000000,0.000000,0.000000,0.000000,0.000000,0.000000,0.000000
2017-09-30,0.000000,0.000000,0.000000,0.000000,0.000000,0.000000,0.000000,0.000000,0.000000,0.007576,0.000000,0.007576,0.000000,0.000000,0.007576,0.000000,0.007576,0.000000,0.000000,0.000000,0.000000,0.000000,0.007576,0.007576,0.000000,0.000000,0.007576,0.000000,0.007576,0.000000,0.000000,0.007576,0.007576,0.000000,0.000000,0.000000,0.000000,0.000000,0.000000,0.000000,0.000000,0.000000,0.000000,0.000000,0.000000,0.000000,0.000000,0.000000,0.000000,0.000000,0.000000,0.000000,0.000000,0.000000,0.000000,0.000000,0.000000,0.000000,0.000000,0.000000,0.000000,0.000000,0.000000,0.000000,0.000000,0.000000,0.000000,0.000000
2017-10-31,0.000000,0.000000,0.000000,0.000000,0.000000,0.000000,0.000000,0.000000,0.000000,0.007576,0.000000,0.007576,0.000000,0.000000,0.007576,0.000000,0.000000,0.000000,0.000000,0.000000,0.000000,0.000000,0.007576,0.007576,0.000000,0.000000,0.007576,0.000000,0.007576,0.000000,0.000000,0.007576,0.000000,0.007576,0.007576,0.000000,0.000000,0.000000,0.000000,0.000000,0.000000,0.000000,0.000000,0.000000,0.000000,0.000000,0.000000,0.000000,0.000000,0.000000,0.000000,0.000000,0.000000,0.000000,0.000000,0.000000,0.000000,0.000000,0.000000,0.000000,0.000000,0.000000,0.000000,0.000000,0.000000,0.000000,0.000000,0.000000
2017-11-30,0.000000,0.000000,0.000000,0.000000,0.000000,0.000000,0.000000,0.000000,0.000000,0.007576,0.000000,0.007576,0.000000,0.000000,0.000000,0.000000,0.000000,0.000000,0.007576,0.000000,0.000000,0.000000,0.007576,0.007576,0.000000,0.000000,0.007576,0.000000,0.007576,0.000000,0.000000,0.000000,0.000000,0.007576,0.007576,0.007576,0.000000,0.000000,0.000000,0.000000,0.000000,0.000000,0.000000,0.000000,0.000000,0.000000,0.000000,0.000000,0.000000,0.000000,0.000000,0.000000,0.000000,0.000000,0.000000,0.000000,0.000000,0.000000,0.000000,0.000000,0.000000,0.000000,0.000000,0.000000,0.000000,0.000000,0.000000,0.000000
2017-12-31,0.000000,0.007576,0.000000,0.000000,0.000000,0.000000,0.000000,0.000000,0.000000,0.007576,0.000000,0.007576,0.000000,0.000000,0.000000,0.000000,0.000000,0.000000,0.007576,0.000000,0.000000,0.000000,0.007576,0.000000,0.000000,0.000000,0.007576,0.007576,0.007576,0.000000,0.000000,0.000000,0.000000,0.007576,0.000000,0.007576,0.000000,0.000000,0.000000,0.000000,0.000000,0.000000,0.000000,0.000000,0.000000,0.000000,0.000000,0.000000,0.000000,0.000000,0.000000,0.000000,0.000000,0.000000,0.000000,0.000000,0.000000,0.000000,0.000000,0.000000,0.000000,0.000000,0.000000,0.000000,0.000000,0.000000,0.000000,0.000000
2018-01-31,0.000000,0.000000,0.007516,0.000000,0.000000,0.000000,0.000000,0.000000,0.000000,0.007516,0.000000,0.007516,0.000000,0.000000,0.000000,0.000000,0.000000,0.000000,0.000000,0.000000,0.000000,0.000000,0.007516,0.007516,0.000000,0.000000,0.000000,0.000000,0.000000,0.000000,0.000000,0.000000,0.000000,0.000000,0.007516,0.007516,0.007516,0.007516,0.007516,0.000000,0.000000,0.000000,0.000000,0.000000,0.000000,0.000000,0.000000,0.000000,0.000000,0.000000,0.000000,0.000000,0.000000,0.000000,0.000000,0.000000,0.000000,0.000000,0.000000,0.000000,0.000000,0.000000,0.000000,0.000000,0.000000,0.000000,0.000000,0.000000
2018-02-28,0.000000,0.000000,0.007463,0.000000,0.000000,0.000000,0.000000,0.000000,0.000000,0.007463,0.000000,0.000000,0.000000,0.000000,0.000000,0.000000,0.000000,0.000000,0.000000,0.000000,0.000000,0.000000,0.007463,0.007463,0.000000,0.000000,0.000000,0.000000,0.007463,0.000000,0.000000,0.000000,0.007463,0.000000,0.007463,0.007463,0.007463,0.007463,0.000000,0.000000,0.000000,0.000000,0.000000,0.000000,0.000000,0.000000,0.000000,0.000000,0.000000,0.000000,0.000000,0.000000,0.000000,0.000000,0.000000,0.000000,0.000000,0.000000,0.000000,0.000000,0.000000,0.000000,0.000000,0.000000,0.000000,0.000000,0.000000,0.000000
2018-03-31,0.000000,0.007463,0.007463,0.000000,0.000000,0.000000,0.000000,0.000000,0.000000,0.007463,0.000000,0.000000,0.000000,0.000000,0.000000,0.000000,0.000000,0.000000,0.000000,0.000000,0.000000,0.000000,0.007463,0.000000,0.000000,0.000000,0.000000,0.000000,0.000000,0.000000,0.007463,0.000000,0.007463,0.000000,0.000000,0.000000,0.007463,0.007463,0.000000,0.007463,0.007463,0.000000,0.000000,0.000000,0.000000,0.000000,0.000000,0.000000,0.000000,0.000000,0.000000,0.000000,0.000000,0.000000,0.000000,0.000000,0.000000,0.000000,0.000000,0.000000,0.000000,0.000000,0.000000,0.000000,0.000000,0.000000,0.000000,0.000000
2018-04-30,0.000000,0.007463,0.007463,0.000000,0.000000,0.000000,0.000000,0.000000,0.000000,0.000000,0.000000,0.000000,0.000000,0.000000,0.000000,0.000000,0.000000,0.000000,0.000000,0.007463,0.000000,0.000000,0.000000,0.000000,0.000000,0.000000,0.000000,0.000000,0.007463,0.000000,0.000000,0.000000,0.000000,0.000000,0.000000,0.007463,0.007463,0.007463,0.007463,0.000000,0.007463,0.007463,0.000000,0.000000,0.000000,0.000000,0.000000,0.000000,0.000000,0.000000,0.000000,0.000000,0.000000,0.000000,0.000000,0.000000,0.000000,0.000000,0.000000,0.000000,0.000000,0.000000,0.000000,0.000000,0.000000,0.000000,0.000000,0.000000
2018-05-31,0.000000,0.007463,0.007463,0.000000,0.000000,0.000000,0.000000,0.000000,0.000000,0.000000,0.000000,0.000000,0.000000,0.000000,0.000000,0.000000,0.000000,0.000000,0.000000,0.007463,0.000000,0.000000,0.000000,0.000000,0.000000,0.000000,0.000000,0.007463,0.007463,0.000000,0.000000,0.000000,0.000000,0.000000,0.000000,0.007463,0.007463,0.007463,0.000000,0.000000,0.007463,0.007463,0.000000,0.000000,0.000000,0.000000,0.000000,0.000000,0.000000,0.000000,0.000000,0.000000,0.000000,0.000000,0.000000,0.000000,0.000000,0.000000,0.000000,0.000000,0.000000,0.000000,0.000000,0.000000,0.000000,0.000000,0.000000,0.000000
2018-06-30,0.000000,0.007463,0.007463,0.000000,0.000000,0.000000,0.000000,0.000000,0.000000,0.000000,0.000000,0.007463,0.000000,0.000000,0.000000,0.000000,0.000000,0.000000,0.000000,0.007463,0.000000,0.000000,0.000000,0.000000,0.000000,0.000000,0.000000,0.007463,0.000000,0.000000,0.000000,0.000000,0.000000,0.000000,0.000000,0.000000,0.007463,0.007463,0.000000,0.000000,0.007463,0.000000,0.007463,0.007463,0.000000,0.000000,0.000000,0.000000,0.000000,0.000000,0.000000,0.000000,0.000000,0.000000,0.000000,0.000000,0.000000,0.000000,0.000000,0.000000,0.000000,0.000000,0.000000,0.000000,0.000000,0.000000,0.000000,0.000000
2018-07-31,0.000000,0.007460,0.007460,0.000000,0.000000,0.000000,0.000000,0.000000,0.000000,0.000000,0.000000,0.007460,0.000000,0.000000,0.000000,0.000000,0.000000,0.000000,0.000000,0.000000,0.000000,0.000000,0.000000,0.000000,0.000000,0.000000,0.000000,0.000000,0.007460,0.000000,0.000000,0.000000,0.000000,0.000000,0.000000,0.000000,0.007460,0.007460,0.000000,0.000000,0.007460,0.000000,0.007460,0.007460,0.007460,0.000000,0.000000,0.000000,0.000000,0.000000,0.000000,0.000000,0.000000,0.000000,0.000000,0.000000,0.000000,0.000000,0.000000,0.000000,0.000000,0.000000,0.000000,0.000000,0.000000,0.000000,0.000000,0.000000
2018-08-31,0.000000,0.007407,0.007407,0.000000,0.000000,0.000000,0.000000,0.000000,0.000000,0.000000,0.007407,0.007407,0.000000,0.000000,0.000000,0.000000,0.000000,0.000000,0.000000,0.000000,0.000000,0.000000,0.000000,0.000000,0.000000,0.000000,0.000000,0.000000,0.007407,0.000000,0.000000,0.000000,0.000000,0.000000,0.000000,0.000000,0.007407,0.007407,0.000000,0.000000,0.007407,0.000000,0.007407,0.007407,0.000000,0.000000,0.000000,0.000000,0.000000,0.000000,0.000000,0.000000,0.000000,0.000000,0.000000,0.000000,0.000000,0.000000,0.000000,0.000000,0.000000,0.000000,0.000000,0.000000,0.000000,0.000000,0.000000,0.000000
2018-09-30,0.000000,0.007407,0.007407,0.000000,0.000000,0.000000,0.000000,0.000000,0.000000,0.000000,0.007407,0.007407,0.000000,0.000000,0.000000,0.000000,0.000000,0.000000,0.000000,0.000000,0.000000,0.000000,0.000000,0.000000,0.000000,0.000000,0.000000,0.007407,0.000000,0.000000,0.007407,0.000000,0.000000,0.000000,0.000000,0.000000,0.000000,0.000000,0.000000,0.007407,0.007407,0.000000,0.007407,0.000000,0.000000,0.007407,0.000000,0.000000,0.000000,0.000000,0.000000,0.000000,0.000000,0.000000,0.000000,0.000000,0.000000,0.000000,0.000000,0.000000,0.000000,0.000000,0.000000,0.000000,0.000000,0.000000,0.000000,0.000000
2018-10-31,0.000000,0.007407,0.000000,0.000000,0.000000,0.000000,0.000000,0.000000,0.000000,0.000000,0.007407,0.007407,0.000000,0.000000,0.000000,0.000000,0.000000,0.000000,0.000000,0.000000,0.000000,0.000000,0.000000,0.000000,0.000000,0.000000,0.000000,0.007407,0.007407,0.000000,0.000000,0.000000,0.000000,0.000000,0.000000,0.000000,0.007407,0.007407,0.000000,0.000000,0.007407,0.000000,0.000000,0.000000,0.000000,0.007407,0.007407,0.000000,0.000000,0.000000,0.000000,0.000000,0.000000,0.000000,0.000000,0.000000,0.000000,0.000000,0.000000,0.000000,0.000000,0.000000,0.000000,0.000000,0.000000,0.000000,0.000000,0.000000
2018-11-30,0.000000,0.007407,0.000000,0.000000,0.000000,0.000000,0.000000,0.000000,0.000000,0.000000,0.007407,0.000000,0.000000,0.000000,0.000000,0.000000,0.000000,0.000000,0.000000,0.000000,0.000000,0.000000,0.000000,0.000000,0.000000,0.000000,0.000000,0.000000,0.007407,0.000000,0.000000,0.000000,0.000000,0.000000,0.000000,0.000000,0.007407,0.007407,0.007407,0.000000,0.000000,0.000000,0.007407,0.000000,0.000000,0.007407,0.007407,0.007407,0.000000,0.000000,0.000000,0.000000,0.000000,0.000000,0.000000,0.000000,0.000000,0.000000,0.000000,0.000000,0.000000,0.000000,0.000000,0.000000,0.000000,0.000000,0.000000,0.000000
2018-12-31,0.000000,0.007407,0.000000,0.000000,0.000000,0.000000,0.000000,0.000000,0.000000,0.000000,0.007407,0.000000,0.000000,0.000000,0.000000,0.000000,0.000000,0.000000,0.000000,0.000000,0.000000,0.000000,0.000000,0.000000,0.000000,0.000000,0.000000,0.000000,0.007407,0.000000,0.000000,0.000000,0.000000,0.000000,0.000000,0.000000,0.007407,0.007407,0.007407,0.000000,0.000000,0.007407,0.000000,0.000000,0.000000,0.007407,0.000000,0.007407,0.007407,0.000000,0.000000,0.000000,0.000000,0.000000,0.000000,0.000000,0.000000,0.000000,0.000000,0.000000,0.000000,0.000000,0.000000,0.000000,0.000000,0.000000,0.000000,0.000000
2019-01-31,0.000000,0.007407,0.000000,0.000000,0.000000,0.000000,0.000000,0.000000,0.000000,0.000000,0.007407,0.000000,0.000000,0.000000,0.000000,0.000000,0.000000,0.000000,0.000000,0.000000,0.000000,0.000000,0.000000,0.000000,0.000000,0.000000,0.007407,0.000000,0.007407,0.000000,0.000000,0.000000,0.000000,0.000000,0.000000,0.000000,0.000000,0.007407,0.007407,0.000000,0.000000,0.007407,0.000000,0.000000,0.000000,0.007407,0.000000,0.007407,0.007407,0.000000,0.000000,0.000000,0.000000,0.000000,0.000000,0.000000,0.000000,0.000000,0.000000,0.000000,0.000000,0.000000,0.000000,0.000000,0.000000,0.000000,0.000000,0.000000
2019-02-28,0.000000,0.007407,0.000000,0.000000,0.000000,0.000000,0.000000,0.000000,0.000000,0.000000,0.007407,0.000000,0.000000,0.000000,0.000000,0.000000,0.000000,0.000000,0.000000,0.000000,0.000000,0.000000,0.000000,0.000000,0.000000,0.000000,0.000000,0.000000,0.007407,0.000000,0.000000,0.000000,0.000000,0.000000,0.000000,0.000000,0.000000,0.007407,0.007407,0.000000,0.000000,0.007407,0.000000,0.000000,0.000000,0.007407,0.007407,0.000000,0.007407,0.007407,0.000000,0.000000,0.000000,0.000000,0.000000,0.000000,0.000000,0.000000,0.000000,0.000000,0.000000,0.000000,0.000000,0.000000,0.000000,0.000000,0.000000,0.000000
2019-03-31,0.000000,0.007407,0.000000,0.000000,0.000000,0.000000,0.000000,0.000000,0.000000,0.000000,0.007407,0.000000,0.000000,0.000000,0.000000,0.000000,0.000000,0.000000,0.000000,0.000000,0.000000,0.000000,0.000000,0.000000,0.000000,0.000000,0.000000,0.000000,0.007407,0.000000,0.000000,0.000000,0.000000,0.000000,0.000000,0.000000,0.007407,0.007407,0.007407,0.000000,0.000000,0.007407,0.000000,0.000000,0.000000,0.007407,0.007407,0.000000,0.007407,0.000000,0.000000,0.000000,0.000000,0.000000,0.000000,0.000000,0.000000,0.000000,0.000000,0.000000,0.000000,0.000000,0.000000,0.000000,0.000000,0.000000,0.000000,0.000000
2019-04-30,0.000000,0.007407,0.000000,0.000000,0.000000,0.000000,0.000000,0.000000,0.000000,0.007407,0.007407,0.000000,0.000000,0.000000,0.000000,0.000000,0.000000,0.000000,0.000000,0.000000,0.000000,0.000000,0.000000,0.000000,0.000000,0.000000,0.000000,0.000000,0.007407,0.000000,0.000000,0.000000,0.000000,0.000000,0.000000,0.000000,0.007407,0.007407,0.000000,0.000000,0.000000,0.007407,0.000000,0.000000,0.000000,0.007407,0.007407,0.000000,0.007407,0.000000,0.000000,0.000000,0.000000,0.000000,0.000000,0.000000,0.000000,0.000000,0.000000,0.000000,0.000000,0.000000,0.000000,0.000000,0.000000,0.000000,0.000000,0.000000
2019-05-31,0.000000,0.007407,0.000000,0.000000,0.000000,0.000000,0.000000,0.000000,0.000000,0.007407,0.007407,0.000000,0.000000,0.000000,0.000000,0.000000,0.000000,0.000000,0.000000,0.000000,0.000000,0.000000,0.000000,0.000000,0.000000,0.000000,0.000000,0.000000,0.007407,0.000000,0.000000,0.000000,0.000000,0.000000,0.000000,0.000000,0.007407,0.007407,0.000000,0.000000,0.000000,0.007407,0.000000,0.000000,0.000000,0.007407,0.007407,0.000000,0.007407,0.000000,0.000000,0.000000,0.000000,0.000000,0.000000,0.000000,0.000000,0.000000,0.000000,0.000000,0.000000,0.000000,0.000000,0.000000,0.000000,0.000000,0.000000,0.000000
2019-06-30,0.000000,0.007407,0.000000,0.000000,0.000000,0.000000,0.000000,0.000000,0.000000,0.007407,0.007407,0.000000,0.000000,0.000000,0.000000,0.007407,0.000000,0.000000,0.000000,0.000000,0.000000,0.000000,0.000000,0.000000,0.000000,0.000000,0.000000,0.000000,0.000000,0.000000,0.000000,0.000000,0.000000,0.000000,0.000000,0.000000,0.007407,0.000000,0.000000,0.000000,0.000000,0.000000,0.007407,0.000000,0.000000,0.007407,0.000000,0.000000,0.007407,0.000000,0.007407,0.007407,0.000000,0.000000,0.000000,0.000000,0.000000,0.000000,0.000000,0.000000,0.000000,0.000000,0.000000,0.000000,0.000000,0.000000,0.000000,0.000000
2019-07-31,0.000000,0.007353,0.000000,0.000000,0.000000,0.000000,0.000000,0.000000,0.000000,0.007353,0.007353,0.000000,0.000000,0.007353,0.007353,0.007353,0.000000,0.000000,0.000000,0.000000,0.000000,0.000000,0.000000,0.000000,0.000000,0.000000,0.000000,0.000000,0.000000,0.000000,0.000000,0.000000,0.000000,0.000000,0.000000,0.000000,0.007353,0.007353,0.000000,0.000000,0.000000,0.000000,0.007353,0.000000,0.000000,0.007353,0.000000,0.000000,0.000000,0.000000,0.000000,0.000000,0.000000,0.000000,0.000000,0.000000,0.000000,0.000000,0.000000,0.000000,0.000000,0.000000,0.000000,0.000000,0.000000,0.000000,0.000000,0.000000
2019-08-31,0.000000,0.007353,0.000000,0.000000,0.000000,0.000000,0.000000,0.000000,0.000000,0.007353,0.007353,0.000000,0.000000,0.007353,0.007353,0.007353,0.000000,0.000000,0.000000,0.000000,0.000000,0.000000,0.000000,0.000000,0.000000,0.000000,0.000000,0.000000,0.007353,0.000000,0.000000,0.000000,0.000000,0.000000,0.000000,0.000000,0.007353,0.007353,0.000000,0.000000,0.000000,0.000000,0.007353,0.000000,0.000000,0.000000,0.000000,0.000000,0.000000,0.000000,0.000000,0.000000,0.000000,0.000000,0.000000,0.000000,0.000000,0.000000,0.000000,0.000000,0.000000,0.000000,0.000000,0.000000,0.000000,0.000000,0.000000,0.000000
2019-09-30,0.000000,0.007353,0.000000,0.000000,0.000000,0.000000,0.007353,0.000000,0.000000,0.007353,0.007353,0.000000,0.000000,0.007353,0.007353,0.000000,0.000000,0.000000,0.000000,0.000000,0.000000,0.000000,0.000000,0.000000,0.000000,0.000000,0.000000,0.000000,0.007353,0.000000,0.000000,0.000000,0.000000,0.000000,0.000000,0.000000,0.007353,0.007353,0.000000,0.000000,0.000000,0.000000,0.007353,0.000000,0.000000,0.000000,0.000000,0.000000,0.000000,0.000000,0.000000,0.000000,0.000000,0.000000,0.000000,0.000000,0.000000,0.000000,0.000000,0.000000,0.000000,0.000000,0.000000,0.000000,0.000000,0.000000,0.000000,0.000000
2019-10-31,0.000000,0.007353,0.000000,0.000000,0.000000,0.000000,0.007353,0.000000,0.000000,0.007353,0.007353,0.000000,0.000000,0.007353,0.007353,0.000000,0.000000,0.000000,0.000000,0.000000,0.000000,0.000000,0.000000,0.000000,0.000000,0.000000,0.000000,0.000000,0.007353,0.000000,0.000000,0.000000,0.000000,0.000000,0.000000,0.000000,0.007353,0.007353,0.000000,0.000000,0.000000,0.000000,0.007353,0.000000,0.000000,0.000000,0.000000,0.000000,0.000000,0.000000,0.000000,0.000000,0.000000,0.000000,0.000000,0.000000,0.000000,0.000000,0.000000,0.000000,0.000000,0.000000,0.000000,0.000000,0.000000,0.000000,0.000000,0.000000
2019-11-30,0.000000,0.007353,0.000000,0.000000,0.000000,0.000000,0.007353,0.000000,0.000000,0.007353,0.007353,0.000000,0.000000,0.007353,0.007353,0.000000,0.000000,0.000000,0.000000,0.000000,0.000000,0.000000,0.000000,0.000000,0.000000,0.000000,0.000000,0.000000,0.000000,0.000000,0.000000,0.000000,0.000000,0.000000,0.000000,0.000000,0.007353,0.007353,0.000000,0.000000,0.000000,0.000000,0.007353,0.000000,0.000000,0.000000,0.000000,0.000000,0.000000,0.000000,0.000000,0.000000,0.007353,0.000000,0.000000,0.000000,0.000000,0.000000,0.000000,0.000000,0.000000,0.000000,0.000000,0.000000,0.000000,0.000000,0.000000,0.000000
2019-12-31,0.000000,0.007350,0.000000,0.000000,0.000000,0.000000,0.007350,0.000000,0.000000,0.007350,0.007350,0.000000,0.000000,0.000000,0.007350,0.007350,0.000000,0.000000,0.000000,0.000000,0.000000,0.000000,0.000000,0.000000,0.000000,0.000000,0.000000,0.000000,0.000000,0.000000,0.000000,0.000000,0.000000,0.000000,0.000000,0.000000,0.000000,0.000000,0.000000,0.000000,0.000000,0.000000,0.007350,0.000000,0.000000,0.000000,0.000000,0.000000,0.000000,0.000000,0.000000,0.000000,0.007350,0.007350,0.007350,0.000000,0.000000,0.000000,0.000000,0.000000,0.000000,0.000000,0.000000,0.000000,0.000000,0.000000,0.000000,0.000000
2020-01-31,0.000000,0.007299,0.000000,0.000000,0.000000,0.000000,0.007299,0.000000,0.000000,0.007299,0.007299,0.000000,0.000000,0.000000,0.007299,0.000000,0.000000,0.000000,0.000000,0.000000,0.000000,0.000000,0.007299,0.000000,0.000000,0.000000,0.000000,0.000000,0.000000,0.000000,0.000000,0.000000,0.000000,0.000000,0.000000,0.000000,0.000000,0.000000,0.000000,0.000000,0.000000,0.000000,0.007299,0.000000,0.000000,0.000000,0.000000,0.000000,0.000000,0.000000,0.000000,0.000000,0.007299,0.007299,0.000000,0.007299,0.000000,0.000000,0.000000,0.000000,0.000000,0.000000,0.000000,0.000000,0.000000,0.000000,0.000000,0.000000
2020-02-29,0.000000,0.007299,0.000000,0.000000,0.000000,0.000000,0.007299,0.000000,0.000000,0.007299,0.007299,0.000000,0.000000,0.000000,0.007299,0.000000,0.000000,0.000000,0.000000,0.000000,0.000000,0.000000,0.000000,0.000000,0.000000,0.000000,0.000000,0.000000,0.000000,0.000000,0.000000,0.000000,0.000000,0.000000,0.000000,0.000000,0.000000,0.000000,0.000000,0.000000,0.000000,0.000000,0.007299,0.000000,0.000000,0.000000,0.000000,0.000000,0.000000,0.000000,0.000000,0.000000,0.007299,0.007299,0.000000,0.007299,0.007299,0.000000,0.000000,0.000000,0.000000,0.000000,0.000000,0.000000,0.000000,0.000000,0.000000,0.000000
2020-03-31,0.000000,0.007299,0.000000,0.000000,0.000000,0.000000,0.007299,0.000000,0.000000,0.007299,0.007299,0.000000,0.000000,0.000000,0.007299,0.000000,0.000000,0.000000,0.000000,0.000000,0.000000,0.000000,0.007299,0.000000,0.000000,0.000000,0.000000,0.000000,0.000000,0.000000,0.007299,0.000000,0.000000,0.000000,0.000000,0.000000,0.000000,0.000000,0.000000,0.000000,0.000000,0.000000,0.007299,0.000000,0.000000,0.000000,0.000000,0.000000,0.000000,0.000000,0.000000,0.000000,0.000000,0.007299,0.007299,0.000000,0.000000,0.000000,0.000000,0.000000,0.000000,0.000000,0.000000,0.000000,0.000000,0.000000,0.000000,0.000000
2020-04-30,0.000000,0.007299,0.000000,0.000000,0.000000,0.000000,0.007299,0.007299,0.000000,0.007299,0.007299,0.000000,0.000000,0.000000,0.007299,0.000000,0.000000,0.000000,0.000000,0.000000,0.000000,0.000000,0.007299,0.000000,0.000000,0.000000,0.000000,0.000000,0.000000,0.000000,0.000000,0.000000,0.000000,0.000000,0.000000,0.000000,0.007299,0.007299,0.000000,0.000000,0.000000,0.000000,0.000000,0.000000,0.000000,0.000000,0.000000,0.000000,0.000000,0.000000,0.000000,0.000000,0.000000,0.000000,0.007299,0.000000,0.000000,0.000000,0.000000,0.000000,0.000000,0.000000,0.000000,0.000000,0.000000,0.000000,0.000000,0.000000
2020-05-31,0.000000,0.007299,0.000000,0.000000,0.000000,0.000000,0.007299,0.007299,0.000000,0.007299,0.007299,0.000000,0.000000,0.000000,0.007299,0.000000,0.000000,0.000000,0.000000,0.000000,0.000000,0.000000,0.007299,0.000000,0.000000,0.000000,0.000000,0.000000,0.000000,0.000000,0.000000,0.000000,0.000000,0.000000,0.000000,0.000000,0.007299,0.000000,0.000000,0.000000,0.000000,0.000000,0.000000,0.000000,0.000000,0.000000,0.000000,0.000000,0.000000,0.000000,0.000000,0.000000,0.000000,0.000000,0.007299,0.007299,0.000000,0.000000,0.000000,0.000000,0.000000,0.000000,0.000000,0.000000,0.000000,0.000000,0.000000,0.000000
2020-06-30,0.000000,0.007246,0.000000,0.000000,0.000000,0.000000,0.007246,0.000000,0.000000,0.007246,0.007246,0.000000,0.000000,0.000000,0.007246,0.000000,0.000000,0.000000,0.000000,0.000000,0.000000,0.000000,0.007246,0.000000,0.000000,0.000000,0.000000,0.000000,0.007246,0.000000,0.000000,0.000000,0.000000,0.000000,0.000000,0.000000,0.007246,0.007246,0.007246,0.000000,0.000000,0.000000,0.000000,0.000000,0.000000,0.000000,0.000000,0.000000,0.000000,0.000000,0.000000,0.000000,0.000000,0.000000,0.000000,0.000000,0.000000,0.000000,0.000000,0.000000,0.000000,0.000000,0.000000,0.000000,0.000000,0.000000,0.000000,0.000000
2020-07-31,0.000000,0.007244,0.000000,0.000000,0.000000,0.000000,0.000000,0.000000,0.000000,0.007244,0.007244,0.000000,0.000000,0.000000,0.007244,0.000000,0.000000,0.000000,0.000000,0.000000,0.000000,0.000000,0.007244,0.000000,0.000000,0.000000,0.000000,0.000000,0.007244,0.000000,0.000000,0.000000,0.000000,0.000000,0.000000,0.000000,0.007244,0.007244,0.007244,0.000000,0.000000,0.000000,0.000000,0.000000,0.000000,0.000000,0.000000,0.000000,0.000000,0.000000,0.000000,0.000000,0.000000,0.000000,0.007244,0.000000,0.000000,0.000000,0.000000,0.000000,0.000000,0.000000,0.000000,0.000000,0.000000,0.000000,0.000000,0.000000
2020-08-31,0.000000,0.007194,0.000000,0.000000,0.000000,0.000000,0.000000,0.000000,0.000000,0.007194,0.007194,0.000000,0.000000,0.000000,0.007194,0.000000,0.000000,0.000000,0.000000,0.000000,0.000000,0.000000,0.007194,0.000000,0.000000,0.000000,0.000000,0.000000,0.000000,0.000000,0.007194,0.000000,0.000000,0.000000,0.000000,0.000000,0.007194,0.000000,0.000000,0.000000,0.000000,0.000000,0.000000,0.000000,0.000000,0.000000,0.000000,0.000000,0.000000,0.000000,0.007194,0.000000,0.000000,0.000000,0.007194,0.000000,0.000000,0.007194,0.000000,0.000000,0.000000,0.000000,0.000000,0.000000,0.000000,0.000000,0.000000,0.000000
2020-09-30,0.000000,0.007194,0.000000,0.000000,0.000000,0.000000,0.000000,0.000000,0.000000,0.007194,0.000000,0.000000,0.000000,0.000000,0.007194,0.000000,0.000000,0.000000,0.000000,0.000000,0.000000,0.000000,0.007194,0.000000,0.000000,0.000000,0.000000,0.000000,0.000000,0.000000,0.007194,0.000000,0.000000,0.000000,0.000000,0.000000,0.007194,0.007194,0.000000,0.000000,0.000000,0.000000,0.000000,0.000000,0.000000,0.000000,0.000000,0.000000,0.000000,0.000000,0.007194,0.000000,0.000000,0.000000,0.007194,0.000000,0.000000,0.007194,0.000000,0.000000,0.000000,0.000000,0.000000,0.000000,0.000000,0.000000,0.000000,0.000000
2020-10-31,0.000000,0.007194,0.000000,0.000000,0.000000,0.000000,0.000000,0.000000,0.000000,0.007194,0.000000,0.000000,0.000000,0.000000,0.007194,0.000000,0.000000,0.000000,0.000000,0.000000,0.000000,0.000000,0.000000,0.000000,0.000000,0.000000,0.000000,0.000000,0.000000,0.000000,0.007194,0.000000,0.007194,0.000000,0.000000,0.000000,0.007194,0.007194,0.000000,0.000000,0.000000,0.000000,0.000000,0.000000,0.000000,0.000000,0.000000,0.000000,0.000000,0.000000,0.007194,0.000000,0.000000,0.000000,0.007194,0.000000,0.000000,0.007194,0.000000,0.000000,0.000000,0.000000,0.000000,0.000000,0.000000,0.000000,0.000000,0.000000
2020-11-30,0.000000,0.007194,0.000000,0.000000,0.000000,0.000000,0.000000,0.000000,0.000000,0.007194,0.000000,0.000000,0.000000,0.000000,0.007194,0.000000,0.000000,0.000000,0.000000,0.000000,0.000000,0.000000,0.000000,0.000000,0.000000,0.000000,0.000000,0.000000,0.000000,0.000000,0.007194,0.000000,0.000000,0.000000,0.000000,0.000000,0.007194,0.007194,0.000000,0.000000,0.000000,0.000000,0.000000,0.000000,0.000000,0.000000,0.000000,0.000000,0.000000,0.000000,0.007194,0.000000,0.000000,0.000000,0.007194,0.000000,0.000000,0.007194,0.007194,0.000000,0.000000,0.000000,0.000000,0.000000,0.000000,0.000000,0.000000,0.000000
2020-12-31,0.000000,0.007194,0.000000,0.000000,0.000000,0.000000,0.000000,0.000000,0.000000,0.007194,0.007194,0.007194,0.000000,0.000000,0.007194,0.000000,0.000000,0.000000,0.000000,0.000000,0.000000,0.000000,0.000000,0.000000,0.000000,0.000000,0.000000,0.000000,0.000000,0.000000,0.000000,0.000000,0.000000,0.000000,0.000000,0.000000,0.007194,0.007194,0.000000,0.000000,0.000000,0.000000,0.000000,0.000000,0.000000,0.000000,0.000000,0.000000,0.000000,0.000000,0.000000,0.000000,0.000000,0.000000,0.000000,0.000000,0.000000,0.007194,0.007194,0.007194,0.000000,0.000000,0.000000,0.000000,0.000000,0.000000,0.000000,0.000000
2021-01-31,0.000000,0.007194,0.000000,0.000000,0.000000,0.000000,0.000000,0.000000,0.000000,0.007194,0.007194,0.007194,0.000000,0.000000,0.007194,0.000000,0.000000,0.000000,0.000000,0.000000,0.000000,0.000000,0.000000,0.000000,0.000000,0.000000,0.000000,0.000000,0.000000,0.000000,0.000000,0.000000,0.000000,0.000000,0.000000,0.000000,0.000000,0.000000,0.000000,0.007194,0.000000,0.000000,0.000000,0.000000,0.000000,0.000000,0.000000,0.000000,0.000000,0.000000,0.000000,0.000000,0.000000,0.007194,0.000000,0.000000,0.000000,0.007194,0.007194,0.007194,0.000000,0.000000,0.000000,0.000000,0.000000,0.000000,0.000000,0.000000
2021-02-28,0.000000,0.007194,0.000000,0.000000,0.000000,0.000000,0.000000,0.000000,0.000000,0.007194,0.007194,0.007194,0.000000,0.000000,0.007194,0.000000,0.000000,0.000000,0.000000,0.000000,0.000000,0.000000,0.000000,0.000000,0.000000,0.000000,0.000000,0.000000,0.000000,0.000000,0.000000,0.000000,0.000000,0.000000,0.000000,0.000000,0.000000,0.000000,0.000000,0.007194,0.000000,0.000000,0.000000,0.000000,0.000000,0.000000,0.000000,0.000000,0.000000,0.000000,0.007194,0.000000,0.000000,0.007194,0.000000,0.000000,0.000000,0.007194,0.007194,0.000000,0.000000,0.000000,0.000000,0.000000,0.000000,0.000000,0.000000,0.000000
2021-03-31,0.000000,0.000000,0.000000,0.000000,0.000000,0.000000,0.000000,0.000000,0.000000,0.007194,0.000000,0.007194,0.000000,0.000000,0.000000,0.000000,0.000000,0.000000,0.000000,0.000000,0.000000,0.000000,0.000000,0.000000,0.000000,0.000000,0.000000,0.000000,0.007194,0.000000,0.007194,0.007194,0.000000,0.000000,0.000000,0.000000,0.007194,0.007194,0.000000,0.007194,0.000000,0.000000,0.000000,0.000000,0.000000,0.000000,0.000000,0.000000,0.000000,0.000000,0.000000,0.000000,0.000000,0.000000,0.000000,0.000000,0.000000,0.000000,0.007194,0.000000,0.007194,0.000000,0.000000,0.000000,0.000000,0.000000,0.000000,0.000000
2021-04-30,0.000000,0.000000,0.000000,0.000000,0.000000,0.000000,0.000000,0.000000,0.000000,0.007194,0.000000,0.007194,0.000000,0.000000,0.000000,0.000000,0.007194,0.000000,0.000000,0.000000,0.000000,0.000000,0.000000,0.000000,0.000000,0.000000,0.000000,0.000000,0.000000,0.000000,0.007194,0.007194,0.000000,0.000000,0.000000,0.000000,0.000000,0.000000,0.000000,0.007194,0.007194,0.000000,0.000000,0.000000,0.000000,0.000000,0.000000,0.000000,0.007194,0.000000,0.000000,0.000000,0.000000,0.000000,0.000000,0.000000,0.000000,0.000000,0.007194,0.000000,0.007194,0.000000,0.000000,0.000000,0.000000,0.000000,0.000000,0.000000
2021-05-31,0.000000,0.000000,0.000000,0.000000,0.000000,0.000000,0.000000,0.000000,0.000000,0.007194,0.000000,0.007194,0.000000,0.000000,0.000000,0.007194,0.007194,0.000000,0.000000,0.000000,0.000000,0.000000,0.000000,0.000000,0.000000,0.000000,0.000000,0.000000,0.000000,0.000000,0.007194,0.000000,0.000000,0.000000,0.000000,0.000000,0.000000,0.000000,0.000000,0.007194,0.000000,0.000000,0.000000,0.000000,0.000000,0.000000,0.000000,0.000000,0.000000,0.000000,0.000000,0.000000,0.000000,0.007194,0.007194,0.000000,0.000000,0.000000,0.007194,0.000000,0.007194,0.000000,0.000000,0.000000,0.000000,0.000000,0.000000,0.000000
2021-06-30,0.000000,0.000000,0.000000,0.000000,0.000000,0.000000,0.000000,0.000000,0.000000,0.000000,0.000000,0.007194,0.007194,0.000000,0.000000,0.000000,0.000000,0.007194,0.000000,0.000000,0.000000,0.000000,0.000000,0.000000,0.000000,0.000000,0.000000,0.000000,0.000000,0.000000,0.007194,0.007194,0.000000,0.000000,0.000000,0.000000,0.000000,0.000000,0.000000,0.000000,0.000000,0.000000,0.000000,0.000000,0.000000,0.000000,0.000000,0.000000,0.000000,0.000000,0.000000,0.000000,0.000000,0.007194,0.007194,0.000000,0.000000,0.007194,0.007194,0.000000,0.007194,0.000000,0.000000,0.000000,0.000000,0.000000,0.000000,0.000000
2021-07-31,0.000000,0.000000,0.000000,0.000000,0.000000,0.000000,0.000000,0.000000,0.000000,0.000000,0.000000,0.007194,0.007194,0.000000,0.000000,0.007194,0.000000,0.007194,0.000000,0.000000,0.000000,0.000000,0.000000,0.000000,0.000000,0.000000,0.000000,0.000000,0.000000,0.000000,0.007194,0.000000,0.000000,0.000000,0.000000,0.000000,0.000000,0.000000,0.000000,0.000000,0.000000,0.000000,0.000000,0.000000,0.000000,0.000000,0.000000,0.000000,0.000000,0.000000,0.000000,0.000000,0.000000,0.007194,0.007194,0.000000,0.007194,0.000000,0.007194,0.000000,0.007194,0.000000,0.000000,0.000000,0.000000,0.000000,0.000000,0.000000
2021-08-31,0.000000,0.000000,0.000000,0.000000,0.000000,0.000000,0.000000,0.000000,0.000000,0.000000,0.000000,0.007194,0.007194,0.000000,0.000000,0.007194,0.000000,0.007194,0.000000,0.000000,0.000000,0.000000,0.000000,0.000000,0.000000,0.000000,0.000000,0.000000,0.000000,0.000000,0.007194,0.000000,0.000000,0.000000,0.000000,0.000000,0.000000,0.000000,0.000000,0.000000,0.000000,0.000000,0.000000,0.000000,0.000000,0.007194,0.000000,0.000000,0.000000,0.000000,0.000000,0.000000,0.000000,0.007194,0.000000,0.000000,0.007194,0.000000,0.007194,0.000000,0.007194,0.000000,0.000000,0.000000,0.000000,0.000000,0.000000,0.000000
2021-09-30,0.000000,0.000000,0.000000,0.000000,0.000000,0.000000,0.000000,0.000000,0.000000,0.000000,0.000000,0.007194,0.007194,0.000000,0.000000,0.000000,0.000000,0.007194,0.000000,0.007194,0.000000,0.000000,0.000000,0.000000,0.000000,0.000000,0.000000,0.000000,0.000000,0.000000,0.007194,0.000000,0.000000,0.000000,0.000000,0.000000,0.000000,0.000000,0.000000,0.000000,0.000000,0.000000,0.000000,0.000000,0.000000,0.007194,0.000000,0.000000,0.000000,0.000000,0.000000,0.000000,0.000000,0.007194,0.000000,0.000000,0.007194,0.000000,0.007194,0.000000,0.007194,0.000000,0.000000,0.000000,0.000000,0.000000,0.000000,0.000000
2021-10-31,0.000000,0.000000,0.000000,0.000000,0.000000,0.000000,0.000000,0.000000,0.000000,0.000000,0.000000,0.007194,0.007194,0.000000,0.000000,0.000000,0.000000,0.007194,0.000000,0.000000,0.000000,0.000000,0.000000,0.000000,0.000000,0.000000,0.000000,0.000000,0.000000,0.000000,0.007194,0.000000,0.000000,0.000000,0.000000,0.000000,0.000000,0.000000,0.000000,0.000000,0.000000,0.000000,0.000000,0.000000,0.000000,0.007194,0.000000,0.000000,0.000000,0.000000,0.000000,0.000000,0.000000,0.007194,0.000000,0.000000,0.007194,0.000000,0.007194,0.007194,0.007194,0.000000,0.000000,0.000000,0.000000,0.000000,0.000000,0.000000
2021-11-30,0.000000,0.000000,0.000000,0.000000,0.000000,0.000000,0.000000,0.000000,0.000000,0.000000,0.000000,0.007192,0.007192,0.000000,0.000000,0.000000,0.007192,0.007192,0.000000,0.000000,0.000000,0.000000,0.000000,0.000000,0.000000,0.000000,0.000000,0.007192,0.000000,0.000000,0.007192,0.000000,0.000000,0.000000,0.000000,0.000000,0.000000,0.000000,0.000000,0.000000,0.000000,0.000000,0.000000,0.000000,0.000000,0.007192,0.000000,0.000000,0.000000,0.000000,0.000000,0.000000,0.000000,0.000000,0.000000,0.000000,0.007192,0.000000,0.007192,0.000000,0.007192,0.000000,0.000000,0.000000,0.000000,0.000000,0.000000,0.000000
2021-12-31,0.000000,0.000000,0.000000,0.000000,0.000000,0.000000,0.000000,0.000000,0.000000,0.000000,0.000000,0.007143,0.007143,0.000000,0.000000,0.000000,0.000000,0.007143,0.000000,0.000000,0.000000,0.000000,0.000000,0.000000,0.000000,0.000000,0.000000,0.007143,0.000000,0.000000,0.007143,0.000000,0.000000,0.000000,0.000000,0.000000,0.000000,0.000000,0.000000,0.000000,0.007143,0.000000,0.000000,0.000000,0.000000,0.007143,0.000000,0.000000,0.000000,0.000000,0.000000,0.000000,0.000000,0.000000,0.000000,0.000000,0.007143,0.000000,0.007143,0.000000,0.000000,0.007143,0.000000,0.000000,0.000000,0.000000,0.000000,0.000000
2022-01-31,0.000000,0.000000,0.000000,0.000000,0.000000,0.000000,0.000000,0.000000,0.000000,0.000000,0.000000,0.007143,0.007143,0.000000,0.000000,0.000000,0.000000,0.007143,0.000000,0.000000,0.000000,0.000000,0.007143,0.000000,0.000000,0.000000,0.000000,0.007143,0.000000,0.000000,0.007143,0.000000,0.000000,0.000000,0.000000,0.000000,0.000000,0.000000,0.000000,0.000000,0.000000,0.000000,0.000000,0.000000,0.000000,0.007143,0.000000,0.000000,0.000000,0.000000,0.000000,0.000000,0.000000,0.000000,0.000000,0.000000,0.007143,0.000000,0.007143,0.000000,0.000000,0.007143,0.000000,0.000000,0.000000,0.000000,0.000000,0.000000
2022-02-28,0.000000,0.000000,0.000000,0.000000,0.000000,0.000000,0.000000,0.000000,0.000000,0.000000,0.000000,0.007143,0.000000,0.000000,0.000000,0.000000,0.000000,0.007143,0.000000,0.000000,0.000000,0.000000,0.007143,0.000000,0.000000,0.000000,0.000000,0.007143,0.000000,0.000000,0.007143,0.000000,0.000000,0.000000,0.000000,0.000000,0.000000,0.000000,0.000000,0.000000,0.000000,0.000000,0.000000,0.000000,0.000000,0.007143,0.000000,0.000000,0.000000,0.000000,0.000000,0.000000,0.000000,0.000000,0.007143,0.000000,0.007143,0.000000,0.007143,0.000000,0.000000,0.007143,0.000000,0.000000,0.000000,0.000000,0.000000,0.000000
2022-03-31,0.000000,0.000000,0.000000,0.000000,0.000000,0.007141,0.000000,0.000000,0.000000,0.000000,0.000000,0.000000,0.000000,0.000000,0.000000,0.000000,0.000000,0.007141,0.000000,0.000000,0.000000,0.000000,0.000000,0.000000,0.000000,0.000000,0.000000,0.000000,0.000000,0.007141,0.007141,0.000000,0.000000,0.000000,0.000000,0.000000,0.000000,0.000000,0.000000,0.000000,0.000000,0.000000,0.000000,0.000000,0.000000,0.007141,0.000000,0.000000,0.000000,0.000000,0.000000,0.000000,0.000000,0.000000,0.007141,0.000000,0.007141,0.000000,0.007141,0.000000,0.000000,0.007141,0.007141,0.000000,0.000000,0.000000,0.000000,0.000000
2022-04-30,0.000000,0.000000,0.000000,0.000000,0.000000,0.007092,0.000000,0.000000,0.000000,0.000000,0.000000,0.000000,0.000000,0.000000,0.000000,0.000000,0.000000,0.007092,0.000000,0.000000,0.000000,0.000000,0.000000,0.000000,0.000000,0.000000,0.000000,0.007092,0.000000,0.007092,0.000000,0.000000,0.000000,0.000000,0.000000,0.000000,0.000000,0.000000,0.000000,0.000000,0.000000,0.000000,0.000000,0.000000,0.000000,0.007092,0.007092,0.000000,0.000000,0.000000,0.000000,0.000000,0.000000,0.000000,0.007092,0.000000,0.007092,0.000000,0.007092,0.000000,0.000000,0.007092,0.000000,0.000000,0.000000,0.000000,0.000000,0.000000
2022-05-31,0.000000,0.000000,0.000000,0.000000,0.000000,0.007092,0.000000,0.000000,0.000000,0.000000,0.000000,0.000000,0.000000,0.007092,0.000000,0.000000,0.000000,0.007092,0.000000,0.000000,0.000000,0.000000,0.000000,0.000000,0.000000,0.000000,0.000000,0.007092,0.000000,0.007092,0.000000,0.000000,0.000000,0.000000,0.000000,0.000000,0.000000,0.000000,0.000000,0.000000,0.000000,0.000000,0.000000,0.000000,0.000000,0.000000,0.007092,0.000000,0.000000,0.000000,0.000000,0.000000,0.000000,0.000000,0.000000,0.000000,0.007092,0.000000,0.007092,0.000000,0.000000,0.007092,0.000000,0.007092,0.000000,0.000000,0.000000,0.000000
2022-06-30,0.000000,0.000000,0.000000,0.000000,0.000000,0.007092,0.000000,0.007092,0.007092,0.000000,0.000000,0.000000,0.000000,0.007092,0.000000,0.000000,0.000000,0.007092,0.000000,0.000000,0.000000,0.000000,0.000000,0.000000,0.000000,0.000000,0.000000,0.007092,0.000000,0.007092,0.000000,0.000000,0.000000,0.000000,0.000000,0.000000,0.000000,0.000000,0.000000,0.000000,0.000000,0.000000,0.000000,0.000000,0.000000,0.000000,0.000000,0.000000,0.000000,0.000000,0.000000,0.000000,0.000000,0.000000,0.000000,0.000000,0.007092,0.000000,0.000000,0.000000,0.000000,0.007092,0.000000,0.007092,0.000000,0.000000,0.000000,0.000000
2022-07-31,0.000000,0.000000,0.000000,0.000000,0.000000,0.007092,0.000000,0.007092,0.007092,0.007092,0.000000,0.000000,0.000000,0.007092,0.000000,0.000000,0.000000,0.007092,0.000000,0.000000,0.000000,0.000000,0.000000,0.000000,0.000000,0.000000,0.000000,0.000000,0.000000,0.007092,0.000000,0.000000,0.000000,0.000000,0.000000,0.000000,0.000000,0.000000,0.000000,0.000000,0.000000,0.000000,0.000000,0.000000,0.000000,0.000000,0.000000,0.000000,0.000000,0.000000,0.000000,0.000000,0.000000,0.000000,0.000000,0.000000,0.007092,0.000000,0.000000,0.000000,0.000000,0.007092,0.000000,0.007092,0.000000,0.000000,0.000000,0.000000
2022-08-31,0.000000,0.000000,0.000000,0.000000,0.000000,0.007092,0.000000,0.007092,0.007092,0.007092,0.000000,0.000000,0.000000,0.007092,0.000000,0.000000,0.000000,0.007092,0.000000,0.000000,0.000000,0.000000,0.000000,0.000000,0.000000,0.000000,0.000000,0.000000,0.000000,0.007092,0.000000,0.000000,0.000000,0.000000,0.000000,0.000000,0.000000,0.000000,0.000000,0.000000,0.000000,0.000000,0.000000,0.000000,0.000000,0.000000,0.000000,0.000000,0.000000,0.000000,0.000000,0.000000,0.000000,0.000000,0.000000,0.000000,0.007092,0.000000,0.000000,0.000000,0.000000,0.007092,0.000000,0.007092,0.000000,0.000000,0.000000,0.000000
2022-09-30,0.000000,0.000000,0.000000,0.000000,0.000000,0.007092,0.000000,0.007092,0.000000,0.007092,0.000000,0.000000,0.000000,0.007092,0.000000,0.000000,0.000000,0.007092,0.000000,0.000000,0.000000,0.000000,0.000000,0.000000,0.000000,0.000000,0.000000,0.000000,0.000000,0.007092,0.000000,0.000000,0.000000,0.000000,0.000000,0.000000,0.000000,0.000000,0.000000,0.000000,0.000000,0.000000,0.000000,0.000000,0.000000,0.000000,0.000000,0.000000,0.000000,0.000000,0.000000,0.000000,0.000000,0.000000,0.000000,0.000000,0.000000,0.000000,0.000000,0.000000,0.000000,0.007092,0.007092,0.007092,0.007092,0.000000,0.000000,0.000000
2022-10-31,0.000000,0.000000,0.000000,0.000000,0.000000,0.006986,0.000000,0.006986,0.000000,0.000000,0.000000,0.000000,0.000000,0.006986,0.000000,0.000000,0.000000,0.006986,0.006986,0.000000,0.000000,0.000000,0.000000,0.000000,0.000000,0.000000,0.000000,0.000000,0.000000,0.006986,0.000000,0.000000,0.000000,0.000000,0.000000,0.000000,0.000000,0.000000,0.000000,0.000000,0.000000,0.000000,0.000000,0.000000,0.000000,0.000000,0.000000,0.000000,0.000000,0.000000,0.000000,0.000000,0.000000,0.000000,0.000000,0.000000,0.000000,0.000000,0.000000,0.000000,0.000000,0.006986,0.006986,0.006986,0.000000,0.006986,0.000000,0.000000
2022-11-30,0.000000,0.000000,0.000000,0.000000,0.000000,0.004961,0.000000,0.004961,0.000000,0.000000,0.000000,0.000000,0.000000,0.000000,0.000000,0.000000,0.000000,0.004961,0.004961,0.000000,0.000000,0.000000,0.000000,0.000000,0.000000,0.000000,0.000000,0.004961,0.000000,0.004961,0.000000,0.000000,0.000000,0.000000,0.000000,0.000000,0.000000,0.004961,0.000000,0.000000,0.000000,0.000000,0.000000,0.000000,0.000000,0.000000,0.000000,0.000000,0.000000,0.000000,0.000000,0.000000,0.000000,0.000000,0.000000,0.000000,0.000000,0.000000,0.000000,0.000000,0.000000,0.004961,0.000000,0.004961,0.000000,0.004961,0.000000,0.000000
2022-12-31,0.000000,0.000000,0.000000,0.000000,0.000000,0.007092,0.000000,0.007092,0.000000,0.000000,0.007092,0.000000,0.000000,0.000000,0.000000,0.000000,0.000000,0.007092,0.007092,0.000000,0.000000,0.000000,0.000000,0.000000,0.000000,0.000000,0.000000,0.007092,0.000000,0.007092,0.000000,0.000000,0.000000,0.000000,0.000000,0.000000,0.000000,0.000000,0.000000,0.000000,0.000000,0.000000,0.000000,0.000000,0.000000,0.000000,0.000000,0.000000,0.000000,0.000000,0.000000,0.000000,0.000000,0.000000,0.000000,0.000000,0.000000,0.000000,0.000000,0.000000,0.000000,0.007092,0.000000,0.007092,0.000000,0.007092,0.000000,0.000000
2023-01-31,0.000000,0.000000,0.000000,0.000000,0.000000,0.007092,0.000000,0.007092,0.000000,0.000000,0.007092,0.000000,0.000000,0.000000,0.000000,0.000000,0.000000,0.007092,0.000000,0.000000,0.000000,0.000000,0.000000,0.000000,0.000000,0.000000,0.000000,0.000000,0.000000,0.007092,0.000000,0.000000,0.000000,0.000000,0.000000,0.000000,0.000000,0.000000,0.000000,0.000000,0.000000,0.000000,0.000000,0.000000,0.000000,0.000000,0.000000,0.000000,0.000000,0.000000,0.000000,0.007092,0.000000,0.000000,0.000000,0.000000,0.000000,0.000000,0.000000,0.000000,0.000000,0.007092,0.000000,0.007092,0.000000,0.007092,0.007092,0.000000
2023-02-28,0.000000,0.000000,0.000000,0.000000,0.000000,0.007092,0.000000,0.000000,0.000000,0.000000,0.007092,0.000000,0.000000,0.000000,0.000000,0.000000,0.000000,0.007092,0.007092,0.000000,0.000000,0.000000,0.000000,0.000000,0.000000,0.000000,0.000000,0.007092,0.000000,0.007092,0.000000,0.000000,0.000000,0.000000,0.000000,0.000000,0.000000,0.000000,0.000000,0.000000,0.000000,0.000000,0.000000,0.000000,0.000000,0.000000,0.000000,0.000000,0.000000,0.000000,0.000000,0.007092,0.000000,0.000000,0.000000,0.000000,0.000000,0.000000,0.000000,0.000000,0.000000,0.007092,0.000000,0.007092,0.000000,0.007092,0.000000,0.000000
2023-03-31,0.000000,0.000000,0.000000,0.000000,0.000000,0.000000,0.000000,0.000000,0.000000,0.000000,0.007092,0.000000,0.000000,0.000000,0.000000,0.000000,0.000000,0.007092,0.007092,0.000000,0.007092,0.000000,0.000000,0.000000,0.000000,0.000000,0.000000,0.007092,0.000000,0.000000,0.000000,0.000000,0.000000,0.000000,0.000000,0.000000,0.000000,0.007092,0.000000,0.000000,0.000000,0.000000,0.000000,0.007092,0.000000,0.000000,0.000000,0.000000,0.000000,0.000000,0.000000,0.000000,0.000000,0.000000,0.000000,0.000000,0.000000,0.000000,0.000000,0.000000,0.000000,0.007092,0.000000,0.000000,0.000000,0.007092,0.000000,0.007092
2023-04-30,0.000000,0.000000,0.000000,0.000000,0.000000,0.000000,0.007092,0.000000,0.000000,0.007092,0.007092,0.000000,0.000000,0.000000,0.000000,0.000000,0.000000,0.007092,0.007092,0.000000,0.000000,0.000000,0.000000,0.000000,0.000000,0.000000,0.000000,0.007092,0.000000,0.000000,0.000000,0.000000,0.000000,0.000000,0.000000,0.000000,0.000000,0.007092,0.000000,0.000000,0.000000,0.000000,0.000000,0.000000,0.000000,0.000000,0.000000,0.000000,0.000000,0.000000,0.000000,0.000000,0.000000,0.000000,0.000000,0.000000,0.000000,0.000000,0.000000,0.007092,0.000000,0.007092,0.000000,0.000000,0.000000,0.007092,0.000000,0.000000
2023-05-31,0.007092,0.000000,0.000000,0.000000,0.000000,0.000000,0.007092,0.000000,0.000000,0.007092,0.007092,0.000000,0.000000,0.007092,0.000000,0.007092,0.000000,0.000000,0.000000,0.000000,0.000000,0.000000,0.000000,0.000000,0.000000,0.000000,0.000000,0.007092,0.000000,0.000000,0.000000,0.000000,0.000000,0.000000,0.000000,0.000000,0.000000,0.000000,0.000000,0.000000,0.000000,0.000000,0.000000,0.000000,0.000000,0.000000,0.000000,0.000000,0.000000,0.000000,0.000000,0.000000,0.000000,0.000000,0.000000,0.000000,0.000000,0.000000,0.000000,0.007092,0.000000,0.007092,0.000000,0.007092,0.000000,0.000000,0.000000,0.000000
2023-06-30,0.007092,0.000000,0.000000,0.000000,0.000000,0.000000,0.000000,0.000000,0.000000,0.007092,0.007092,0.000000,0.000000,0.000000,0.000000,0.007092,0.000000,0.000000,0.000000,0.007092,0.000000,0.000000,0.000000,0.000000,0.000000,0.000000,0.000000,0.007092,0.000000,0.000000,0.000000,0.000000,0.000000,0.000000,0.000000,0.000000,0.000000,0.000000,0.000000,0.000000,0.000000,0.000000,0.000000,0.000000,0.000000,0.007092,0.000000,0.000000,0.000000,0.000000,0.000000,0.000000,0.000000,0.000000,0.000000,0.000000,0.007092,0.000000,0.000000,0.007092,0.000000,0.007092,0.000000,0.000000,0.000000,0.000000,0.000000,0.000000
2023-07-31,0.007092,0.007092,0.000000,0.000000,0.000000,0.000000,0.000000,0.000000,0.000000,0.007092,0.007092,0.000000,0.000000,0.000000,0.000000,0.007092,0.000000,0.000000,0.000000,0.007092,0.000000,0.000000,0.007092,0.000000,0.000000,0.000000,0.000000,0.000000,0.000000,0.000000,0.000000,0.000000,0.000000,0.000000,0.000000,0.000000,0.000000,0.000000,0.000000,0.000000,0.000000,0.000000,0.000000,0.000000,0.000000,0.007092,0.000000,0.000000,0.000000,0.000000,0.000000,0.000000,0.000000,0.000000,0.000000,0.000000,0.007092,0.000000,0.000000,0.007092,0.000000,0.000000,0.000000,0.000000,0.000000,0.000000,0.000000,0.000000
2023-08-31,0.007092,0.000000,0.000000,0.000000,0.000000,0.000000,0.007092,0.000000,0.000000,0.007092,0.007092,0.000000,0.007092,0.000000,0.000000,0.007092,0.000000,0.000000,0.000000,0.000000,0.000000,0.000000,0.007092,0.000000,0.000000,0.000000,0.000000,0.000000,0.000000,0.000000,0.000000,0.000000,0.000000,0.000000,0.000000,0.000000,0.000000,0.000000,0.000000,0.000000,0.000000,0.000000,0.000000,0.000000,0.000000,0.007092,0.000000,0.000000,0.000000,0.000000,0.000000,0.000000,0.000000,0.000000,0.000000,0.000000,0.007092,0.000000,0.000000,0.007092,0.000000,0.000000,0.000000,0.000000,0.000000,0.000000,0.000000,0.000000
2023-09-30,0.007092,0.000000,0.000000,0.000000,0.000000,0.000000,0.000000,0.000000,0.000000,0.007092,0.007092,0.000000,0.007092,0.000000,0.000000,0.007092,0.000000,0.007092,0.000000,0.000000,0.000000,0.000000,0.007092,0.000000,0.000000,0.000000,0.000000,0.000000,0.000000,0.000000,0.000000,0.000000,0.000000,0.000000,0.000000,0.000000,0.000000,0.000000,0.000000,0.000000,0.000000,0.000000,0.000000,0.000000,0.000000,0.007092,0.000000,0.000000,0.000000,0.000000,0.000000,0.000000,0.000000,0.000000,0.000000,0.000000,0.007092,0.000000,0.000000,0.007092,0.000000,0.000000,0.000000,0.000000,0.000000,0.000000,0.000000,0.000000
2023-10-31,0.007092,0.000000,0.000000,0.000000,0.000000,0.000000,0.000000,0.000000,0.000000,0.007092,0.007092,0.000000,0.000000,0.000000,0.000000,0.007092,0.000000,0.007092,0.000000,0.000000,0.000000,0.000000,0.007092,0.000000,0.000000,0.000000,0.000000,0.007092,0.000000,0.000000,0.000000,0.000000,0.000000,0.000000,0.000000,0.000000,0.000000,0.000000,0.000000,0.000000,0.000000,0.000000,0.000000,0.000000,0.000000,0.007092,0.000000,0.000000,0.000000,0.000000,0.000000,0.000000,0.000000,0.000000,0.000000,0.000000,0.007092,0.000000,0.000000,0.007092,0.000000,0.000000,0.000000,0.000000,0.000000,0.000000,0.000000,0.000000
2023-11-30,0.007092,0.007092,0.000000,0.000000,0.000000,0.000000,0.000000,0.000000,0.000000,0.007092,0.007092,0.000000,0.000000,0.000000,0.000000,0.007092,0.000000,0.007092,0.000000,0.000000,0.000000,0.000000,0.007092,0.000000,0.000000,0.000000,0.000000,0.000000,0.000000,0.000000,0.007092,0.000000,0.000000,0.000000,0.000000,0.000000,0.000000,0.000000,0.000000,0.000000,0.000000,0.000000,0.000000,0.000000,0.000000,0.000000,0.000000,0.000000,0.000000,0.000000,0.000000,0.000000,0.000000,0.000000,0.000000,0.000000,0.007092,0.000000,0.000000,0.007092,0.000000,0.000000,0.000000,0.000000,0.000000,0.000000,0.000000,0.000000
2023-12-31,0.007092,0.007092,0.000000,0.000000,0.000000,0.000000,0.000000,0.000000,0.000000,0.007092,0.007092,0.000000,0.000000,0.000000,0.007092,0.007092,0.000000,0.007092,0.000000,0.000000,0.000000,0.000000,0.000000,0.000000,0.000000,0.000000,0.000000,0.000000,0.000000,0.000000,0.007092,0.000000,0.000000,0.000000,0.000000,0.000000,0.000000,0.000000,0.000000,0.000000,0.000000,0.000000,0.000000,0.000000,0.000000,0.000000,0.000000,0.000000,0.000000,0.000000,0.000000,0.000000,0.000000,0.000000,0.000000,0.000000,0.007092,0.000000,0.000000,0.007092,0.000000,0.000000,0.000000,0.000000,0.000000,0.000000,0.000000,0.000000
2024-01-31,0.007092,0.007092,0.000000,0.000000,0.000000,0.000000,0.007092,0.000000,0.000000,0.007092,0.007092,0.000000,0.000000,0.000000,0.000000,0.007092,0.000000,0.000000,0.000000,0.000000,0.000000,0.000000,0.000000,0.000000,0.000000,0.000000,0.000000,0.000000,0.000000,0.000000,0.007092,0.000000,0.000000,0.000000,0.000000,0.000000,0.000000,0.000000,0.000000,0.000000,0.000000,0.000000,0.000000,0.000000,0.000000,0.000000,0.000000,0.000000,0.000000,0.000000,0.000000,0.000000,0.000000,0.007092,0.000000,0.000000,0.007092,0.000000,0.000000,0.007092,0.000000,0.000000,0.000000,0.000000,0.000000,0.000000,0.000000,0.000000
2024-02-29,0.007092,0.007092,0.000000,0.000000,0.000000,0.000000,0.007092,0.000000,0.000000,0.007092,0.007092,0.000000,0.000000,0.000000,0.000000,0.000000,0.000000,0.000000,0.000000,0.000000,0.000000,0.000000,0.000000,0.000000,0.000000,0.000000,0.000000,0.000000,0.000000,0.000000,0.007092,0.000000,0.000000,0.000000,0.000000,0.000000,0.000000,0.000000,0.000000,0.000000,0.000000,0.000000,0.000000,0.000000,0.000000,0.000000,0.000000,0.000000,0.000000,0.000000,0.007092,0.000000,0.000000,0.000000,0.000000,0.000000,0.007092,0.000000,0.007092,0.007092,0.000000,0.000000,0.000000,0.000000,0.000000,0.000000,0.000000,0.000000
2024-03-31,0.007092,0.007092,0.000000,0.000000,0.000000,0.000000,0.007092,0.000000,0.000000,0.007092,0.007092,0.000000,0.000000,0.000000,0.000000,0.000000,0.000000,0.000000,0.000000,0.000000,0.000000,0.000000,0.000000,0.000000,0.000000,0.000000,0.000000,0.000000,0.000000,0.000000,0.007092,0.000000,0.000000,0.000000,0.000000,0.000000,0.000000,0.000000,0.000000,0.000000,0.000000,0.000000,0.000000,0.000000,0.000000,0.000000,0.000000,0.000000,0.000000,0.000000,0.007092,0.000000,0.000000,0.000000,0.000000,0.000000,0.007092,0.000000,0.007092,0.007092,0.000000,0.000000,0.000000,0.000000,0.000000,0.000000,0.000000,0.000000
2024-04-30,0.000000,0.007042,0.000000,0.000000,0.000000,0.000000,0.007042,0.000000,0.000000,0.007042,0.007042,0.000000,0.000000,0.007042,0.000000,0.000000,0.000000,0.000000,0.000000,0.000000,0.000000,0.000000,0.000000,0.000000,0.000000,0.000000,0.000000,0.000000,0.000000,0.000000,0.007042,0.000000,0.000000,0.000000,0.000000,0.000000,0.000000,0.000000,0.000000,0.000000,0.000000,0.000000,0.000000,0.000000,0.000000,0.000000,0.000000,0.000000,0.000000,0.000000,0.007042,0.000000,0.000000,0.000000,0.000000,0.000000,0.007042,0.000000,0.007042,0.007042,0.000000,0.000000,0.000000,0.000000,0.000000,0.000000,0.000000,0.000000
2024-05-31,0.000000,0.007042,0.000000,0.000000,0.000000,0.000000,0.000000,0.000000,0.000000,0.000000,0.007042,0.000000,0.000000,0.000000,0.000000,0.007042,0.000000,0.007042,0.000000,0.000000,0.000000,0.000000,0.007042,0.000000,0.000000,0.000000,0.000000,0.000000,0.000000,0.000000,0.007042,0.000000,0.000000,0.000000,0.000000,0.000000,0.000000,0.000000,0.000000,0.000000,0.000000,0.000000,0.007042,0.000000,0.000000,0.000000,0.000000,0.000000,0.000000,0.000000,0.000000,0.000000,0.000000,0.007042,0.000000,0.000000,0.007042,0.000000,0.000000,0.007042,0.000000,0.000000,0.000000,0.000000,0.000000,0.000000,0.000000,0.000000
2024-06-30,0.000000,0.007042,0.000000,0.000000,0.000000,0.000000,0.000000,0.000000,0.000000,0.000000,0.007042,0.000000,0.000000,0.000000,0.000000,0.007042,0.000000,0.007042,0.000000,0.000000,0.000000,0.000000,0.007042,0.000000,0.000000,0.000000,0.000000,0.000000,0.000000,0.000000,0.007042,0.000000,0.000000,0.000000,0.000000,0.000000,0.000000,0.000000,0.000000,0.000000,0.000000,0.000000,0.007042,0.000000,0.000000,0.000000,0.000000,0.000000,0.000000,0.000000,0.000000,0.000000,0.000000,0.007042,0.000000,0.000000,0.007042,0.000000,0.000000,0.007042,0.000000,0.000000,0.000000,0.000000,0.000000,0.000000,0.000000,0.000000
2024-07-31,0.000000,0.000000,0.000000,0.000000,0.000000,0.000000,0.000000,0.000000,0.000000,0.000000,0.007042,0.000000,0.000000,0.000000,0.000000,0.007042,0.000000,0.007042,0.000000,0.000000,0.000000,0.000000,0.007042,0.000000,0.000000,0.000000,0.000000,0.007042,0.000000,0.007042,0.007042,0.000000,0.000000,0.000000,0.000000,0.000000,0.000000,0.000000,0.000000,0.000000,0.000000,0.000000,0.000000,0.000000,0.000000,0.000000,0.000000,0.000000,0.000000,0.000000,0.000000,0.000000,0.000000,0.007042,0.000000,0.000000,0.007042,0.000000,0.000000,0.007042,0.000000,0.000000,0.000000,0.000000,0.000000,0.000000,0.000000,0.000000
2024-08-31,0.000000,0.000000,0.000000,0.000000,0.000000,0.000000,0.000000,0.000000,0.000000,0.000000,0.007042,0.000000,0.000000,0.000000,0.000000,0.007042,0.000000,0.007042,0.000000,0.000000,0.000000,0.000000,0.007042,0.000000,0.000000,0.000000,0.000000,0.007042,0.000000,0.007042,0.007042,0.000000,0.000000,0.000000,0.000000,0.000000,0.000000,0.000000,0.000000,0.000000,0.000000,0.000000,0.000000,0.007042,0.000000,0.000000,0.000000,0.000000,0.000000,0.000000,0.000000,0.000000,0.000000,0.000000,0.000000,0.000000,0.007042,0.000000,0.000000,0.007042,0.000000,0.000000,0.000000,0.000000,0.000000,0.000000,0.000000,0.000000
2024-09-30,0.000000,0.000000,0.000000,0.000000,0.000000,0.000000,0.000000,0.000000,0.000000,0.000000,0.007042,0.000000,0.000000,0.000000,0.000000,0.007042,0.000000,0.007042,0.000000,0.000000,0.000000,0.000000,0.007042,0.000000,0.000000,0.000000,0.000000,0.000000,0.000000,0.007042,0.007042,0.000000,0.007042,0.000000,0.000000,0.000000,0.000000,0.000000,0.000000,0.000000,0.000000,0.000000,0.000000,0.000000,0.000000,0.000000,0.000000,0.000000,0.000000,0.000000,0.000000,0.000000,0.000000,0.000000,0.000000,0.000000,0.007042,0.000000,0.000000,0.007042,0.000000,0.000000,0.000000,0.000000,0.000000,0.000000,0.007042,0.000000
2024-10-31,0.000000,0.000000,0.000000,0.000000,0.000000,0.000000,0.007042,0.000000,0.000000,0.000000,0.007042,0.000000,0.000000,0.000000,0.000000,0.007042,0.000000,0.007042,0.000000,0.000000,0.000000,0.000000,0.007042,0.000000,0.000000,0.000000,0.000000,0.000000,0.000000,0.000000,0.007042,0.000000,0.000000,0.000000,0.000000,0.000000,0.000000,0.000000,0.000000,0.000000,0.000000,0.000000,0.000000,0.000000,0.000000,0.007042,0.000000,0.000000,0.000000,0.000000,0.000000,0.000000,0.000000,0.000000,0.000000,0.000000,0.007042,0.000000,0.000000,0.007042,0.000000,0.000000,0.000000,0.000000,0.000000,0.000000,0.007042,0.000000
2024-11-30,0.007042,0.000000,0.000000,0.000000,0.000000,0.000000,0.007042,0.000000,0.000000,0.000000,0.007042,0.000000,0.000000,0.000000,0.000000,0.007042,0.000000,0.007042,0.000000,0.000000,0.000000,0.000000,0.007042,0.000000,0.000000,0.000000,0.000000,0.000000,0.000000,0.000000,0.007042,0.000000,0.000000,0.000000,0.000000,0.000000,0.000000,0.000000,0.000000,0.000000,0.000000,0.000000,0.000000,0.000000,0.000000,0.007042,0.000000,0.000000,0.000000,0.000000,0.000000,0.000000,0.000000,0.000000,0.000000,0.000000,0.007042,0.000000,0.000000,0.007042,0.000000,0.000000,0.000000,0.000000,0.000000,0.000000,0.000000,0.000000
2024-12-31,0.007040,0.000000,0.000000,0.000000,0.000000,0.000000,0.007040,0.000000,0.000000,0.000000,0.007040,0.000000,0.000000,0.000000,0.000000,0.007040,0.000000,0.007040,0.000000,0.000000,0.000000,0.000000,0.000000,0.000000,0.000000,0.000000,0.000000,0.000000,0.000000,0.000000,0.007040,0.000000,0.000000,0.000000,0.000000,0.000000,0.000000,0.000000,0.000000,0.000000,0.000000,0.000000,0.000000,0.000000,0.000000,0.000000,0.000000,0.000000,0.000000,0.000000,0.000000,0.007040,0.000000,0.000000,0.000000,0.000000,0.007040,0.000000,0.000000,0.007040,0.007040,0.000000,0.000000,0.000000,0.000000,0.000000,0.000000,0.000000
