date,0
2015-11-02,0.0
2015-11-03,0.0
2015-11-04,0.0
2015-11-05,0.0
2015-11-06,0.0
2015-11-09,0.0
2015-11-10,0.0
2015-11-11,0.0
2015-11-12,0.0
2015-11-13,0.0
2015-11-16,0.0
2015-11-17,0.0
2015-11-18,0.0
2015-11-19,0.0
2015-11-20,0.0
2015-11-23,0.0
2015-11-24,0.0
2015-11-25,0.0
2015-11-27,0.0
2015-11-30,0.0
2015-12-01,0.0
2015-12-02,0.0
2015-12-03,0.0
2015-12-04,0.0
2015-12-07,0.0
2015-12-08,0.0
2015-12-09,0.0
2015-12-10,0.0
2015-12-11,0.0
2015-12-14,0.0
2015-12-15,0.0
2015-12-16,0.0
2015-12-17,0.0
2015-12-18,0.0
2015-12-21,0.0
2015-12-22,0.0
2015-12-23,0.0
2015-12-24,0.0
2015-12-28,0.0
2015-12-29,0.0
2015-12-30,0.0
2015-12-31,0.0
2016-01-04,0.0
2016-01-05,0.0
2016-01-06,0.0
2016-01-07,0.0
2016-01-08,0.0
2016-01-11,0.0
2016-01-12,0.0
2016-01-13,0.0
2016-01-14,0.0
2016-01-15,0.0
2016-01-19,0.0
2016-01-20,0.0
2016-01-21,0.0
2016-01-22,0.0
2016-01-25,0.0
2016-01-26,0.0
2016-01-27,0.0
2016-01-28,0.0
2016-01-29,0.0
2016-02-01,0.0
2016-02-02,0.0
2016-02-03,0.0
2016-02-04,0.0
2016-02-05,0.0
2016-02-08,0.0
2016-02-09,0.0
2016-02-10,0.0
2016-02-11,0.0
2016-02-12,0.0
2016-02-16,0.0
2016-02-17,0.0
2016-02-18,0.0
2016-02-19,0.0
2016-02-22,0.0
2016-02-23,0.0
2016-02-24,0.0
2016-02-25,0.0
2016-02-26,0.0
2016-02-29,0.0
2016-03-01,0.0
2016-03-02,0.0
2016-03-03,0.0
2016-03-04,0.0
2016-03-07,0.0
2016-03-08,0.0
2016-03-09,0.0
2016-03-10,0.0
2016-03-11,0.0
2016-03-14,0.0
2016-03-15,0.0
2016-03-16,0.0
2016-03-17,0.0
2016-03-18,0.0
2016-03-21,0.0
2016-03-22,0.0
2016-03-23,0.0
2016-03-24,0.0
2016-03-28,0.0
2016-03-29,0.0
2016-03-30,0.0
2016-03-31,0.0
2016-04-01,0.0
2016-04-04,0.0
2016-04-05,0.0
2016-04-06,0.0
2016-04-07,0.0
2016-04-08,0.0
2016-04-11,0.0
2016-04-12,0.0
2016-04-13,0.0
2016-04-14,0.0
2016-04-15,0.0
2016-04-18,0.0
2016-04-19,0.0
2016-04-20,0.0
2016-04-21,0.0
2016-04-22,0.0
2016-04-25,0.0
2016-04-26,0.0
2016-04-27,0.0
2016-04-28,0.0
2016-04-29,0.0
2016-05-02,0.0
2016-05-03,0.0
2016-05-04,0.0
2016-05-05,0.0
2016-05-06,0.0
2016-05-09,0.0
2016-05-10,0.0
2016-05-11,0.0
2016-05-12,0.0
2016-05-13,0.0
2016-05-16,0.0
2016-05-17,0.0
2016-05-18,0.0
2016-05-19,0.0
2016-05-20,0.0
2016-05-23,0.0
2016-05-24,0.0
2016-05-25,0.0
2016-05-26,0.0
2016-05-27,0.0
2016-05-31,0.0
2016-06-01,0.0
2016-06-02,0.0
2016-06-03,0.0
2016-06-06,0.0
2016-06-07,0.0
2016-06-08,0.0
2016-06-09,0.0
2016-06-10,0.0
2016-06-13,0.0
2016-06-14,0.0
2016-06-15,0.0
2016-06-16,0.0
2016-06-17,0.0
2016-06-20,0.0
2016-06-21,0.0
2016-06-22,0.0
2016-06-23,0.0
2016-06-24,0.0
2016-06-27,0.0
2016-06-28,0.0
2016-06-29,0.0
2016-06-30,0.0
2016-07-01,0.0
2016-07-05,0.0
2016-07-06,0.0
2016-07-07,0.0
2016-07-08,0.0
2016-07-11,0.0
2016-07-12,0.0
2016-07-13,0.0
2016-07-14,0.0
2016-07-15,0.0
2016-07-18,0.0
2016-07-19,0.0
2016-07-20,0.0
2016-07-21,0.0
2016-07-22,0.0
2016-07-25,0.0
2016-07-26,0.0
2016-07-27,0.0
2016-07-28,0.0
2016-07-29,0.0
2016-08-01,0.0
2016-08-02,0.0
2016-08-03,0.0
2016-08-04,0.0
2016-08-05,0.0
2016-08-08,0.0
2016-08-09,0.0
2016-08-10,0.0
2016-08-11,0.0
2016-08-12,0.0
2016-08-15,0.0
2016-08-16,0.0
2016-08-17,0.0
2016-08-18,0.0
2016-08-19,0.0
2016-08-22,0.0
2016-08-23,0.0
2016-08-24,0.0
2016-08-25,0.0
2016-08-26,0.0
2016-08-29,0.0
2016-08-30,0.0
2016-08-31,0.0
2016-09-01,0.0
2016-09-02,0.0
2016-09-06,0.0
2016-09-07,0.0
2016-09-08,0.0
2016-09-09,0.0
2016-09-12,0.0
2016-09-13,0.0
2016-09-14,0.0
2016-09-15,0.0
2016-09-16,0.0
2016-09-19,0.0
2016-09-20,0.0
2016-09-21,0.0
2016-09-22,0.0
2016-09-23,0.0
2016-09-26,0.0
2016-09-27,0.0
2016-09-28,0.0
2016-09-29,0.0
2016-09-30,0.0
2016-10-03,0.0
2016-10-04,0.0
2016-10-05,0.0
2016-10-06,0.0
2016-10-07,0.0
2016-10-10,0.0
2016-10-11,0.0
2016-10-12,0.0
2016-10-13,0.0
2016-10-14,0.0
2016-10-17,0.0
2016-10-18,0.0
2016-10-19,0.0
2016-10-20,0.0
2016-10-21,0.0
2016-10-24,0.0
2016-10-25,0.0
2016-10-26,0.0
2016-10-27,0.0
2016-10-28,0.0
2016-10-31,0.0
2016-11-01,0.0
2016-11-02,0.0
2016-11-03,0.0
2016-11-04,0.0
2016-11-07,0.0
2016-11-08,0.0
2016-11-09,0.0
2016-11-10,0.0
2016-11-11,0.0
2016-11-14,0.0
2016-11-15,0.0
2016-11-16,0.0
2016-11-17,0.0
2016-11-18,0.0
2016-11-21,0.0
2016-11-22,0.0
2016-11-23,0.0
2016-11-25,0.0
2016-11-28,0.0
2016-11-29,0.0
2016-11-30,0.0
2016-12-01,0.0
2016-12-02,0.0
2016-12-05,0.0
2016-12-06,0.0
2016-12-07,0.0
2016-12-08,0.0
2016-12-09,0.0
2016-12-12,0.0
2016-12-13,0.0
2016-12-14,0.0
2016-12-15,0.0
2016-12-16,0.0
2016-12-19,0.0
2016-12-20,0.0
2016-12-21,0.0
2016-12-22,0.0
2016-12-23,0.0
2016-12-27,0.0
2016-12-28,0.0
2016-12-29,0.0
2016-12-30,0.0
2017-01-03,0.0
2017-01-04,0.0
2017-01-05,0.0
2017-01-06,0.0
2017-01-09,0.0
2017-01-10,0.0
2017-01-11,0.0
2017-01-12,0.0
2017-01-13,0.0
2017-01-17,0.0
2017-01-18,0.0
2017-01-19,0.0
2017-01-20,0.0
2017-01-23,0.0
2017-01-24,0.0
2017-01-25,0.0
2017-01-26,0.0
2017-01-27,0.0
2017-01-30,0.0
2017-01-31,0.0
2017-02-01,-0.0010930454545454542
2017-02-02,-0.003947803030303031
2017-02-03,0.0037969545454545456
2017-02-06,-0.0017295757575757579
2017-02-07,-0.0028030454545454543
2017-02-08,0.005038333333333334
2017-02-09,0.004976181818181819
2017-02-10,0.002227060606060606
2017-02-13,0.003039696969696969
2017-02-14,0.01111848484848485
2017-02-15,0.007152106060606062
2017-02-16,-0.007727530303030304
2017-02-17,0.006388621212121213
2017-02-21,0.007167454545454546
2017-02-22,-0.005833939393939394
2017-02-23,-0.0019129545454545458
2017-02-24,0.004410196969696969
2017-02-27,0.004766136363636364
2017-02-28,-0.01966268181818182
2017-03-01,0.0007451060606060611
2017-03-02,-0.00029669696969696936
2017-03-03,-0.00462871212121212
2017-03-06,-0.010354954545454546
2017-03-07,-0.013679333333333333
2017-03-08,0.003092818181818182
2017-03-09,-0.004287757575757576
2017-03-10,0.0057
2017-03-13,-0.0030884545454545457
2017-03-14,-0.004891636363636364
2017-03-15,0.013149121212121211
2017-03-16,0.0010973333333333334
2017-03-17,-0.0036230303030303033
2017-03-20,-0.00044290909090908973
2017-03-21,-0.015094257575757577
2017-03-22,-0.002680545454545454
2017-03-23,0.00039533333333333353
2017-03-24,0.0025862272727272726
2017-03-27,0.0035065151515151515
2017-03-28,0.00639039393939394
2017-03-29,0.008844818181818181
2017-03-30,-0.003470227272727273
2017-03-31,0.000213590909090909
2017-04-03,-0.008378212121212121
2017-04-04,-0.005706469696969696
2017-04-05,-0.004173121212121212
2017-04-06,0.011071242424242424
2017-04-07,-0.0011464090909090907
2017-04-10,0.007555742424242423
2017-04-11,-0.0013540000000000002
2017-04-12,-0.005349393939393939
2017-04-13,-0.004407030303030303
2017-04-17,0.004090181818181818
2017-04-18,-0.0036658636363636364
2017-04-19,0.001852287878787879
2017-04-20,0.008002848484848486
2017-04-21,-0.00647609090909091
2017-04-24,0.006587651515151515
2017-04-25,0.006561606060606061
2017-04-26,0.004347848484848485
2017-04-27,0.004316787878787878
2017-04-28,-0.006505136363636364
2017-05-01,-0.0029009393939393936
2017-05-02,0.01562010606060606
2017-05-03,-0.009442318181818182
2017-05-04,-0.0014408636363636362
2017-05-05,0.011691439393939395
2017-05-08,-0.001697227272727273
2017-05-09,0.006152348484848485
2017-05-10,0.002219484848484849
2017-05-11,-0.01645628787878788
2017-05-12,-0.011598106060606062
2017-05-15,0.002744393939393939
2017-05-16,-0.011472409090909092
2017-05-17,-0.015109545454545455
2017-05-18,-0.0019459242424242427
2017-05-19,0.008490575757575758
2017-05-22,0.005891742424242424
2017-05-23,-0.0060199393939393935
2017-05-24,-0.000612227272727273
2017-05-25,-0.0021431363636363636
2017-05-26,5.821212121212061e-05
2017-05-30,0.00012359090909090935
2017-05-31,-0.002142212121212122
2017-06-01,0.01921830303030303
2017-06-02,-0.004367712121212121
2017-06-05,-0.004678454545454546
2017-06-06,-0.0027661666666666663
2017-06-07,-0.003397575757575758
2017-06-08,0.0006495606060606068
2017-06-09,0.014316257575757576
2017-06-12,0.010525181818181819
2017-06-13,0.008035030303030304
2017-06-14,-0.007562909090909091
2017-06-15,-0.009794833333333334
2017-06-16,-0.0041463333333333335
2017-06-19,0.0008607121212121211
2017-06-20,-0.01437237878787879
2017-06-21,-0.009941439393939395
2017-06-22,0.011141530303030302
2017-06-23,0.011581484848484848
2017-06-26,0.006939060606060606
2017-06-27,-0.0013462272727272724
2017-06-28,0.007611848484848485
2017-06-29,0.0016546060606060608
2017-06-30,7.21515151515151e-05
2017-07-03,0.012306924242424242
2017-07-05,-0.016175454545454545
2017-07-06,-0.023942424242424244
2017-07-07,0.0010117727272727273
2017-07-10,-0.0006126363636363634
2017-07-11,-0.003776909090909091
2017-07-12,0.0006355151515151515
2017-07-13,0.0120555
2017-07-14,0.0071115757575757575
2017-07-17,0.003310909090909092
2017-07-18,-0.005770000000000001
2017-07-19,0.013944348484848485
2017-07-20,0.001962621212121212
2017-07-21,-0.00035834848484848534
2017-07-24,-0.005448636363636364
2017-07-25,0.015387515151515152
2017-07-26,-0.004985545454545455
2017-07-27,0.010482727272727272
2017-07-28,-0.0034244393939393937
2017-07-31,-0.0002022575757575757
2017-08-01,-0.004112515151515152
2017-08-02,-0.010154166666666667
2017-08-03,-0.006533712121212121
2017-08-04,0.003513227272727273
2017-08-07,-0.004393348484848485
2017-08-08,-0.005896272727272727
2017-08-09,-0.007317136363636363
2017-08-10,-0.01823307575757576
2017-08-11,0.001625878787878788
2017-08-14,0.0027338333333333333
2017-08-15,-0.014635075757575758
2017-08-16,0.0036430909090909096
2017-08-17,-0.013233954545454545
2017-08-18,-0.0006832272727272724
2017-08-21,-0.001975333333333333
2017-08-22,0.006267242424242425
2017-08-23,0.003418818181818181
2017-08-24,0.00044537878787878757
2017-08-25,0.008366545454545455
2017-08-28,-0.004538939393939394
2017-08-29,-0.0011910757575757575
2017-08-30,0.0005760757575757579
2017-08-31,-0.0002188333333333327
2017-09-01,0.015250106060606061
2017-09-05,-0.0003530606060606058
2017-09-06,0.007882439393939393
2017-09-07,-0.0013519696969696965
2017-09-08,-0.007661757575757576
2017-09-11,0.008827121212121213
2017-09-12,0.009960984848484847
2017-09-13,0.010769636363636363
2017-09-14,-0.0007182424242424238
2017-09-15,0.003707893939393939
2017-09-18,-0.007755484848484848
2017-09-19,-0.007856439393939395
2017-09-20,0.0004861212121212129
2017-09-21,-0.009552666666666668
2017-09-22,0.00545080303030303
2017-09-25,0.01121971212121212
2017-09-26,0.005116969696969697
2017-09-27,0.006091757575757577
2017-09-28,-0.006107939393939392
2017-09-29,0.0038332424242424243
2017-10-02,0.001271515151515152
2017-10-03,-0.000210318181818182
2017-10-04,-3.787878787876991e-07
2017-10-05,0.003945818181818182
2017-10-06,-0.006939893939393939
2017-10-09,-0.011179424242424242
2017-10-10,0.003322878787878788
2017-10-11,-0.00276969696969697
2017-10-12,-0.007961090909090909
2017-10-13,0.002080030303030303
2017-10-16,-0.002489318181818182
2017-10-17,0.0039563030303030305
2017-10-18,-0.006740606060606061
2017-10-19,0.002461030303030304
2017-10-20,0.009775560606060607
2017-10-23,-0.008746621212121213
2017-10-24,-0.0031365303030303033
2017-10-25,-0.01022680303030303
2017-10-26,0.0013919696969696975
2017-10-27,-0.007427318181818182
2017-10-30,0.002011454545454546
2017-10-31,-0.004324287878787879
2017-11-01,-0.005031833333333334
2017-11-02,-0.012285757575757575
2017-11-03,-0.0017728636363636362
2017-11-06,0.007959272727272728
2017-11-07,-0.008086818181818181
2017-11-08,-0.001549924242424242
2017-11-09,0.015351030303030304
2017-11-10,0.008266
2017-11-13,-0.001070257575757575
2017-11-14,-0.0003976515151515148
2017-11-15,-0.001798242424242424
2017-11-16,0.008990166666666667
2017-11-17,0.018463606060606062
2017-11-20,-0.002528227272727273
2017-11-21,-0.00032060606060606116
2017-11-22,0.009089727272727272
2017-11-24,-0.002376227272727273
2017-11-27,-0.0010851363636363639
2017-11-28,0.016409454545454547
2017-11-29,0.017575409090909093
2017-11-30,0.003057939393939394
2017-12-01,-2.535820895522374e-05
2017-12-04,0.013009149253731344
2017-12-05,-0.011568746268656718
2017-12-06,-0.012156701492537314
2017-12-07,0.00232065671641791
2017-12-08,0.011573313432835821
2017-12-11,0.004116149253731344
2017-12-12,0.0020144477611940305
2017-12-13,0.0003876268656716421
2017-12-14,-0.009201850746268656
2017-12-15,0.008904940298507462
2017-12-18,0.018522791044776117
2017-12-19,-0.003298910447761194
2017-12-20,-0.0004370447761194025
2017-12-21,0.008691776119402986
2017-12-22,0.001851567164179104
2017-12-26,0.008617761194029851
2017-12-27,-0.007096835820895522
2017-12-28,0.000504865671641791
2017-12-29,-0.007636253731343284
2018-01-02,0.023642029850746267
2018-01-03,0.005645149253731344
2018-01-04,-0.003268522388059702
2018-01-05,0.0020168805970149253
2018-01-08,0.002040134328358209
2018-01-09,-0.009292626865671642
2018-01-10,0.002526626865671642
2018-01-11,0.01741489552238806
2018-01-12,0.007030776119402985
2018-01-16,-0.013878746268656716
2018-01-17,0.0043907014925373125
2018-01-18,-0.004335865671641791
2018-01-19,0.010702731343283582
2018-01-22,0.009503910447761194
2018-01-23,0.006678164179104476
2018-01-24,-0.005409432835820896
2018-01-25,-0.005736313432835821
2018-01-26,0.0052491044776119405
2018-01-29,-0.008049835820895523
2018-01-30,-0.021531582089552238
2018-01-31,-0.006122402985074625
2018-02-01,-0.004044223880597015
2018-02-02,-0.026288925373134327
2018-02-05,-0.03856553731343283
2018-02-06,0.02114059701492537
2018-02-07,-0.007450850746268656
2018-02-08,-0.030783641791044775
2018-02-09,0.0061641343283582095
2018-02-12,0.01243134328358209
2018-02-13,0.00024962686567164306
2018-02-14,0.03969773134328358
2018-02-15,0.01053686567164179
2018-02-16,-0.0016687164179104478
2018-02-20,-0.008524402985074626
2018-02-21,-0.012102194029850745
2018-02-22,0.005408298507462686
2018-02-23,0.018692283582089554
2018-02-26,0.006138820895522387
2018-02-27,-0.014294970149253731
2018-02-28,-0.0174775223880597
2018-03-01,-0.0065967164179104466
2018-03-02,0.018438000000000003
2018-03-05,0.019279701492537313
2018-03-06,0.002897985074626866
2018-03-07,-0.00733634328358209
2018-03-08,-0.0003019253731343283
2018-03-09,0.008028626865671643
2018-03-12,0.006550044776119404
2018-03-13,-0.002886328358208955
2018-03-14,-0.011569985074626865
2018-03-15,-0.007194701492537313
2018-03-16,0.008647880597014924
2018-03-19,-0.0181560447761194
2018-03-20,-0.009906716417910449
2018-03-21,0.009634089552238805
2018-03-22,-0.020262179104477612
2018-03-23,-0.01254468656716418
2018-03-26,0.01583013432835821
2018-03-27,-0.010208253731343283
2018-03-28,0.003659462686567164
2018-03-29,0.008403298507462686
2018-04-02,-0.024489776119402985
2018-04-03,0.013143358208955224
2018-04-04,0.01422765671641791
2018-04-05,0.01175465671641791
2018-04-06,-0.021682134328358207
2018-04-09,-0.0003665373134328358
2018-04-10,0.01892426865671642
2018-04-11,0.0021363283582089554
2018-04-12,-0.0018873582089552238
2018-04-13,-0.0005380746268656717
2018-04-16,0.009657552238805968
2018-04-17,0.0074260298507462675
2018-04-18,0.007242955223880596
2018-04-19,-0.01083779104477612
2018-04-20,-0.011089537313432835
2018-04-23,0.009817462686567163
2018-04-24,-0.003480791044776119
2018-04-25,0.005984925373134328
2018-04-26,0.01078131343283582
2018-04-27,0.005486582089552239
2018-04-30,-0.011550298507462687
2018-05-01,0.0008528208955223881
2018-05-02,-0.005140895522388059
2018-05-03,-0.019988044776119405
2018-05-04,0.020403104477611938
2018-05-07,0.004164358208955225
2018-05-08,-0.001542044776119403
2018-05-09,0.011509492537313433
2018-05-10,0.012518044776119402
2018-05-11,0.00016401492537313422
2018-05-14,0.0042421641791044774
2018-05-15,-0.0004590298507462689
2018-05-16,0.01180568656716418
2018-05-17,0.0012845671641791047
2018-05-18,-0.010857104477611939
2018-05-21,0.00837255223880597
2018-05-22,-0.0012588955223880596
2018-05-23,-0.00441165671641791
2018-05-24,-0.001104268656716418
2018-05-25,0.0018024776119402982
2018-05-29,-0.006929776119402984
2018-05-30,0.01690723880597015
2018-05-31,-0.009924059701492537
2018-06-01,0.004616358208955224
2018-06-04,0.0030585820895522387
2018-06-05,0.004946194029850746
2018-06-06,0.016208716417910447
2018-06-07,0.007355567164179105
2018-06-08,0.008480194029850745
2018-06-11,0.012931910447761192
2018-06-12,0.0036654477611940293
2018-06-13,-0.005182223880597015
2018-06-14,0.005402223880597015
2018-06-15,0.002784865671641791
2018-06-18,-0.0004875074626865671
2018-06-19,0.0022030298507462686
2018-06-20,0.009349970149253732
2018-06-21,-0.00823079104477612
2018-06-22,0.009087119402985074
2018-06-25,-0.006729044776119403
2018-06-26,6.549253731343301e-05
2018-06-27,-0.006912328358208955
2018-06-28,0.003206567164179104
2018-06-29,-0.0014113731343283584
2018-07-02,-0.000840582089552239
2018-07-03,0.00734623880597015
2018-07-05,0.011056716417910447
2018-07-06,0.013782059701492539
2018-07-09,0.009016
2018-07-10,-0.0024573582089552235
2018-07-11,-0.009190059701492538
2018-07-12,0.0016079701492537311
2018-07-13,-0.0004986268656716419
2018-07-16,-0.009773850746268657
2018-07-17,-0.0010151044776119402
2018-07-18,-0.003368940298507463
2018-07-19,0.0034991641791044777
2018-07-20,-0.00715265671641791
2018-07-23,0.001871686567164179
2018-07-24,-1.4328358208955312e-05
2018-07-25,0.002956
2018-07-26,0.003907208955223881
2018-07-27,-0.0056597611940298505
2018-07-30,0.0063961492537313435
2018-07-31,0.006985268656716418
2018-08-01,-0.011012720588235294
2018-08-02,0.0006646323529411762
2018-08-03,0.011572955882352938
2018-08-06,-0.0002115441176470589
2018-08-07,-0.0027551029411764707
2018-08-08,-0.005998367647058823
2018-08-09,0.0020429264705882355
2018-08-10,-0.009936676470588235
2018-08-13,-0.003397882352941176
2018-08-14,0.009401588235294116
2018-08-15,-0.0031191617647058825
2018-08-16,0.011262426470588234
2018-08-17,0.007830867647058823
2018-08-20,0.007983264705882353
2018-08-21,0.0049273823529411755
2018-08-22,-0.0068189705882352935
2018-08-23,-0.005562014705882353
2018-08-24,0.0037878823529411765
2018-08-27,0.006657205882352941
2018-08-28,-0.0007383823529411766
2018-08-29,0.0029482205882352943
2018-08-30,-0.010308514705882352
2018-08-31,-0.0004686029411764706
2018-09-04,-0.006264500000000001
2018-09-05,0.0070487794117647055
2018-09-06,-0.005149794117647058
2018-09-07,-0.0009321911764705882
2018-09-10,0.0005846029411764707
2018-09-11,-0.002038088235294118
2018-09-12,0.00552125
2018-09-13,0.006652058823529412
2018-09-14,0.0035543970588235293
2018-09-17,0.0031332941176470588
2018-09-18,0.003583455882352941
2018-09-19,0.004283705882352941
2018-09-20,0.00826489705882353
2018-09-21,0.0009273529411764705
2018-09-24,-0.014756573529411766
2018-09-25,-0.0072361764705882355
2018-09-26,-0.0036258088235294117
2018-09-27,-0.0010640000000000003
2018-09-28,0.0008805735294117645
2018-10-01,-0.004931926470588235
2018-10-02,0.0026187058823529414
2018-10-03,-0.0025135
2018-10-04,-0.008059411764705883
2018-10-05,-0.006644602941176471
2018-10-08,0.006518279411764706
2018-10-09,-0.008090308823529412
2018-10-10,-0.019507690480794117
2018-10-11,-0.02424644117647059
2018-10-12,0.003339764705882353
2018-10-15,0.007504647058823529
2018-10-16,0.020422441176470588
2018-10-17,0.0008175882352941177
2018-10-18,-0.013448838235294117
2018-10-19,0.004047911764705882
2018-10-22,-0.012020764705882352
2018-10-23,-0.001489602941176471
2018-10-24,-0.03308135294117647
2018-10-25,0.010774750000000001
2018-10-26,-0.02453095588235294
2018-10-29,0.005045985294117647
2018-10-30,0.022739926470588236
2018-10-31,0.0018044411764705883
2018-11-01,0.032975661764705885
2018-11-02,-0.0025014264705882348
2018-11-05,0.005715838235294117
2018-11-06,0.009794176470588237
2018-11-07,0.0033037647058823524
2018-11-08,-0.0075239999999999994
2018-11-09,-0.016138970588235293
2018-11-12,-0.01624529411764706
2018-11-13,0.00708235294117647
2018-11-14,-0.007059661764705882
2018-11-15,0.002519661764705884
2018-11-16,0.004371779411764707
2018-11-19,-0.007870323529411765
2018-11-20,-0.019962558823529413
2018-11-21,0.012566117647058823
2018-11-23,-0.002460617647058823
2018-11-26,0.017107014705882353
2018-11-27,-0.002129852941176471
2018-11-28,0.014638044117647058
2018-11-29,-0.0052613235294117645
2018-11-30,0.0012822941176470586
2018-12-03,0.01777847058823529
2018-12-04,-0.05106254411764706
2018-12-06,-0.009947294117647058
2018-12-07,-0.025020308823529413
2018-12-10,-0.009173985294117646
2018-12-11,-0.005865397058823529
2018-12-12,0.00796495588235294
2018-12-13,-0.010504514705882352
2018-12-14,-0.01604725
2018-12-17,-0.015474529411764705
2018-12-18,0.0016154852941176472
2018-12-19,-0.018831632352941177
2018-12-20,-0.01714886764705882
2018-12-21,-0.025782485294117644
2018-12-24,-0.025287882352941177
2018-12-26,0.0532375
2018-12-27,0.006879485294117646
2018-12-28,-0.001636926470588235
2018-12-31,0.005551426470588235
2019-01-02,0.019553867647058826
2019-01-03,-0.011468323529411763
2019-01-04,0.04337730882352941
2019-01-07,0.016003088235294116
2019-01-08,0.009017161764705881
2019-01-09,0.016247147058823526
2019-01-10,0.006217735294117647
2019-01-11,0.001283191176470588
2019-01-14,-0.009991558823529412
2019-01-15,-0.00042094117647058834
2019-01-16,0.005243514705882354
2019-01-17,0.008005985294117647
2019-01-18,0.019758279411764702
2019-01-22,-0.019882014705882356
2019-01-23,-0.0036541323529411768
2019-01-24,0.024254058823529413
2019-01-25,0.0139835
2019-01-28,-0.003758205882352941
2019-01-29,-0.005093720588235293
2019-01-30,0.011774558823529412
2019-01-31,0.007398191176470588
2019-02-01,0.0026960735294117638
2019-02-04,0.006971308823529412
2019-02-05,0.004172808823529412
2019-02-06,-0.002483411764705882
2019-02-07,-0.02164608823529412
2019-02-08,0.0040557499999999995
2019-02-11,0.00963710294117647
2019-02-12,0.020900661764705883
2019-02-13,0.009772909414661765
2019-02-14,-0.002212691176470588
2019-02-15,0.012336514705882352
2019-02-19,0.007174279411764705
2019-02-20,0.00906370588235294
2019-02-21,-0.008236882352941175
2019-02-22,0.0026957941176470584
2019-02-25,0.003932529411764706
2019-02-26,-0.006476294117647058
2019-02-27,0.0014327205882352935
2019-02-28,-0.006954897058823529
2019-03-01,0.013289088235294119
2019-03-04,-0.00137
2019-03-05,-0.008681955882352942
2019-03-06,-0.01691369117647059
2019-03-07,-0.013037367647058824
2019-03-08,-0.004669058823529412
2019-03-11,0.016185367647058822
2019-03-12,0.004355102941176471
2019-03-13,0.009100794117647058
2019-03-14,-0.005131749999999999
2019-03-15,0.0020397794117647068
2019-03-18,0.009208676470588234
2019-03-19,-0.0037946176470588233
2019-03-20,-0.010833661764705883
2019-03-21,0.016186367647058823
2019-03-22,-0.028498470588235292
2019-03-25,-0.002163676470588235
2019-03-26,0.009956117647058824
2019-03-27,-9.386764705882381e-05
2019-03-28,0.004350367647058824
2019-03-29,0.006683441176470588
2019-04-01,0.02105923529411765
2019-04-02,-0.004891264705882353
2019-04-03,0.005474264705882353
2019-04-04,0.013353176470588236
2019-04-05,0.006607999999999999
2019-04-08,0.000490514705882353
2019-04-09,-0.015595764705882354
2019-04-10,0.010914749999999999
2019-04-11,-0.0006344264705882353
2019-04-12,0.011476705882352941
2019-04-15,-0.003380073529411765
2019-04-16,0.008324941176470589
2019-04-17,-0.0032468382352941172
2019-04-18,-0.0014483382352941177
2019-04-22,-0.002592441176470588
2019-04-23,0.00822720588235294
2019-04-24,-0.00018854411764705902
2019-04-25,-0.013566926470588235
2019-04-26,0.00766825
2019-04-29,0.0025989264705882356
2019-04-30,0.0001877058823529414
2019-05-01,-0.019206029411764705
2019-05-02,-0.006436823529411764
2019-05-03,0.01846801470588235
2019-05-06,-0.00791989705882353
2019-05-07,-0.01851691176470588
2019-05-08,-0.0005806911764705881
2019-05-09,1.470588235292017e-07
2019-05-10,-0.0007779411764705882
2019-05-13,-0.03962019117647059
2019-05-14,0.017139338235294118
2019-05-15,0.005716367647058823
2019-05-16,-0.001118955882352941
2019-05-17,-0.012912544117647059
2019-05-20,-0.009518970588235295
2019-05-21,0.017509926470588237
2019-05-22,-0.016892823529411766
2019-05-23,-0.021600279411764706
2019-05-24,0.0027100294117647057
2019-05-28,-0.015542779411764705
2019-05-29,-0.006009676470588236
2019-05-30,-0.00835704411764706
2019-05-31,-0.020980573529411767
2019-06-03,0.010113073529411765
2019-06-04,0.03022933823529412
2019-06-05,-0.012017117647058822
2019-06-06,0.0016752058823529415
2019-06-07,0.0028184852941176473
2019-06-10,0.004774220588235295
2019-06-11,0.0030936617647058825
2019-06-12,-0.0175535
2019-06-13,0.019374882352941176
2019-06-14,-0.011725882352941176
2019-06-17,0.006357970588235295
2019-06-18,0.014267205882352942
2019-06-19,0.00038201470588235297
2019-06-20,0.015224970588235295
2019-06-21,-0.0007113823529411763
2019-06-24,-0.010214205882352941
2019-06-25,-0.004326941176470587
2019-06-26,0.010743588235294118
2019-06-27,0.013599323529411764
2019-06-28,0.013380161764705882
2019-07-01,0.0010781617647058824
2019-07-02,-0.010669308823529414
2019-07-03,0.006590926470588235
2019-07-05,0.004453794117647059
2019-07-08,-0.007684088235294117
2019-07-09,-0.002238588235294117
2019-07-10,0.0052223676470588235
2019-07-11,-0.004872117647058824
2019-07-12,0.012719117647058823
2019-07-15,-0.006629661764705883
2019-07-16,-0.006979044117647058
2019-07-17,-0.01882985294117647
2019-07-18,-4.7779411764705846e-05
2019-07-19,0.002000073529411764
2019-07-22,-8.513235294117674e-05
2019-07-23,0.013835647058823529
2019-07-24,0.013206161764705881
2019-07-25,-0.017561382352941177
2019-07-26,0.0011649264705882356
2019-07-29,-0.006667323529411764
2019-07-30,0.02041385294117647
2019-07-31,-0.005596794117647059
2019-08-01,-0.044171985294117644
2019-08-02,-0.010757029411764707
2019-08-05,-0.03469455882352941
2019-08-06,-0.000328588235294117
2019-08-07,-0.009207220588235292
2019-08-08,0.014268838235294118
2019-08-09,-0.03305401470588235
2019-08-12,-0.021384073529411764
2019-08-13,0.013425470588235296
2019-08-14,-0.05268482352941177
2019-08-15,-0.023967117647058823
2019-08-16,0.02828029411764706
2019-08-19,0.028131573529411764
2019-08-20,-0.006602544117647058
2019-08-21,0.00931454411764706
2019-08-22,0.005841132352941178
2019-08-23,-0.04216208823529412
2019-08-26,0.006135147058823528
2019-08-27,-0.02248436764705882
2019-08-28,0.02167405882352941
2019-08-29,0.022763867647058823
2019-08-30,-0.004869220588235295
2019-09-03,-0.016335911764705884
2019-09-04,0.02641276470588235
2019-09-05,0.03546251470588235
2019-09-06,0.008476882352941174
2019-09-09,0.0470535294117647
2019-09-10,0.041631499999999995
2019-09-11,0.018173132352941174
2019-09-12,-0.012520514705882353
2019-09-13,0.003882808823529411
2019-09-16,0.022671352941176472
2019-09-17,-0.02405416176470588
2019-09-18,-0.01129660294117647
2019-09-19,-0.009392205882352941
2019-09-20,-0.004267102941176471
2019-09-23,0.0005705294117647063
2019-09-24,-0.025008764705882355
2019-09-25,0.0061026911764705885
2019-09-26,-0.017195455882352943
2019-09-27,0.0028973676470588237
2019-09-30,0.004117088235294118
2019-10-01,-0.026255014705882353
2019-10-02,-0.026856867647058823
2019-10-03,0.01413880882352941
2019-10-04,0.004193367647058824
2019-10-07,-0.002688632352941176
2019-10-08,-0.02858491176470588
2019-10-09,0.004105838235294118
2019-10-10,0.00965389705882353
2019-10-11,0.04113701470588235
2019-10-14,-0.010792632352941176
2019-10-15,0.011995073529411765
2019-10-16,0.0032265294117647053
2019-10-17,0.009813720588235294
2019-10-18,-0.008485808823529412
2019-10-21,0.013408558823529412
2019-10-22,0.019781852941176473
2019-10-23,0.010335220588235293
2019-10-24,-0.013900632352941176
2019-10-25,0.011551029411764707
2019-10-28,-0.000663088235294118
2019-10-29,0.012385161764705882
2019-10-30,-0.01574995588235294
2019-10-31,-0.012423558823529409
2019-11-01,0.03495461764705882
2019-11-04,0.03644651470588235
2019-11-05,-0.00245170588235294
2019-11-06,-0.028577338235294118
2019-11-07,0.010353426470588234
2019-11-08,0.006124544117647058
2019-11-11,-0.016585411764705883
2019-11-12,-0.004159308823529413
2019-11-13,-0.009266426470588235
2019-11-14,-0.005382985294117647
2019-11-15,0.01856452941176471
2019-11-18,-0.019965029411764704
2019-11-19,-0.019393220588235296
2019-11-20,-0.003827029411764706
2019-11-21,0.0037220147058823535
2019-11-22,0.021489588235294118
2019-11-25,0.021294470588235297
2019-11-26,-0.01401414705882353
2019-11-27,0.014989249999999999
2019-11-29,-0.00923925
2019-12-02,-0.008355941176470587
2019-12-03,-0.017129455882352942
2019-12-04,0.02564789705882353
2019-12-05,-0.0030496470588235293
2019-12-06,0.02721594117647059
2019-12-09,0.004877838235294118
2019-12-10,0.0014928088235294117
2019-12-11,-0.0036281470588235302
2019-12-12,0.029342279411764708
2019-12-13,-0.013242411764705881
2019-12-16,0.008809529411764706
2019-12-17,0.010970617647058823
2019-12-18,0.009673485294117646
2019-12-19,0.009238529411764706
2019-12-20,-0.003646470588235294
2019-12-23,0.016538911764705882
2019-12-24,-0.0013161470588235295
2019-12-26,0.001136220588235294
2019-12-27,-0.007415544117647058
2019-12-30,0.0055996176470588235
2019-12-31,0.010604382352941177
2020-01-02,-0.008894086956521741
2020-01-03,-0.0010424347826086954
2020-01-06,0.006565855072463768
2020-01-07,0.0037388115942028977
2020-01-08,-0.01369850724637681
2020-01-09,-0.0071596231884057965
2020-01-10,-0.002266304347826087
2020-01-13,0.0027622173913043483
2020-01-14,0.015756202898550724
2020-01-15,0.0018907971014492748
2020-01-16,0.013445115942028983
2020-01-17,-0.011807478260869565
2020-01-21,-0.019616072463768116
2020-01-22,-0.010568246376811594
2020-01-23,-0.0006247826086956515
2020-01-24,-0.022987362318840576
2020-01-27,-0.02831623188405797
2020-01-28,0.010911608695652174
2020-01-29,-0.006008840579710144
2020-01-30,-0.0014958985507246378
2020-01-31,-0.02288736231884058
2020-02-03,0.008391710144927535
2020-02-04,0.0181188115942029
2020-02-05,0.03347213043478261
2020-02-06,-0.009983942028985508
2020-02-07,-0.017158855072463768
2020-02-10,-0.008263652173913045
2020-02-11,0.004937072463768117
2020-02-12,0.015404043478260868
2020-02-13,-0.011123115942028985
2020-02-14,-0.008423855072463769
2020-02-18,-0.004210405797101449
2020-02-19,0.01131913043478261
2020-02-20,0.008824652173913042
2020-02-21,-0.012428956521739129
2020-02-24,-0.042940144927536235
2020-02-25,-0.041141333333333335
2020-02-26,-0.034355231884057966
2020-02-27,-0.028746565217391308
2020-02-28,0.005536449275362319
2020-03-02,0.00743736231884058
2020-03-03,-0.026114608695652172
2020-03-04,0.02052268115942029
2020-03-05,-0.04290181159420289
2020-03-06,-0.030345217391304347
2020-03-09,-0.11120726086956521
2020-03-10,0.0361568115942029
2020-03-11,-0.06448275362318841
2020-03-12,-0.08944447826086957
2020-03-13,0.1394263768115942
2020-03-16,-0.1177023768115942
2020-03-17,0.020054753623188405
2020-03-18,-0.09022555072463768
2020-03-19,0.05832523188405797
2020-03-20,-0.00144075362318841
2020-03-23,-0.05696378260869565
2020-03-24,0.13024918840579708
2020-03-25,0.01708378260869565
2020-03-26,0.031782898550724636
2020-03-27,-0.05278563768115942
2020-03-30,-0.006049797101449274
2020-03-31,-0.011037231884057972
2020-04-01,-0.07034453623188405
2020-04-02,0.018210565217391304
2020-04-03,0.0005312173913043471
2020-04-06,0.0896788115942029
2020-04-07,0.04170930434782608
2020-04-08,0.08641068115942029
2020-04-09,0.04333994202898551
2020-04-13,-0.020603173913043477
2020-04-14,0.013730101449275363
2020-04-15,-0.05502889855072464
2020-04-16,-0.04862365217391304
2020-04-17,0.06457773913043478
2020-04-20,-0.02003527536231884
2020-04-21,-0.020398115942028984
2020-04-22,0.010609608695652173
2020-04-23,0.03299482535008696
2020-04-24,0.007328235891014493
2020-04-27,0.04960672463768116
2020-04-28,0.03522649275362319
2020-04-29,0.07686781159420289
2020-04-30,-0.025052739130434782
2020-05-01,-0.07131553623188405
2020-05-04,0.00312836231884058
2020-05-05,-0.02413904347826087
2020-05-06,-0.03171826086956522
2020-05-07,0.03596589855072464
2020-05-08,0.06567326086956522
2020-05-11,-0.029960855072463773
2020-05-12,-0.030677913043478257
2020-05-13,-0.0664046811594203
2020-05-14,0.014313202898550726
2020-05-15,0.01138668115942029
2020-05-18,0.10883618840579709
2020-05-19,-0.029647797101449276
2020-05-20,0.024529115942028987
2020-05-21,0.016534159420289858
2020-05-22,-0.0067930434782608705
2020-05-26,0.0679850579710145
2020-05-27,0.043212289855072465
2020-05-28,-0.039741826086956526
2020-05-29,-0.033370507246376815
2020-06-01,0.043802188405797096
2020-06-02,0.029118159420289856
2020-06-03,0.06606079710144927
2020-06-04,0.04682271014492753
2020-06-05,0.1233004927536232
2020-06-08,0.14260913043478263
2020-06-09,-0.08298910144927538
2020-06-10,-0.07548514492753623
2020-06-11,-0.11484971014492754
2020-06-12,0.060267202898550726
2020-06-15,0.006884391304347826
2020-06-16,0.03141991304347826
2020-06-17,-0.041230318840579705
2020-06-18,-0.00016653623188405764
2020-06-19,-0.022952927536231883
2020-06-22,0.0012871739130434785
2020-06-23,0.005088913043478262
2020-06-24,-0.06483478260869566
2020-06-25,0.017459347826086956
2020-06-26,-0.05114922522521739
2020-06-29,0.04847668115942029
2020-06-30,0.00761723188405797
2020-07-01,-0.019418144927536234
2020-07-02,0.008649666666666667
2020-07-06,0.015584869565217391
2020-07-07,-0.03795778260869565
2020-07-08,0.011167478260869565
2020-07-09,-0.046952681159420286
2020-07-10,0.04022034782608695
2020-07-13,-0.008380478260869566
2020-07-14,0.018307695652173914
2020-07-15,0.0637663043478261
2020-07-16,-0.010565608695652174
2020-07-17,-0.018702608695652174
2020-07-20,-0.021663086956521742
2020-07-21,0.04371889855072464
2020-07-22,-0.005795028985507247
2020-07-23,0.007756246376811594
2020-07-24,-0.015207884057971015
2020-07-27,-0.004013797101449276
2020-07-28,-0.002506666666666666
2020-07-29,0.021999753623188407
2020-07-30,-0.02632910144927536
2020-07-31,-0.016913028985507245
2020-08-03,-0.0028004142857142853
2020-08-04,0.014890014285714286
2020-08-05,0.029906071428571428
2020-08-06,-0.005150685714285714
2020-08-07,0.018283928571428573
2020-08-10,0.04684174285714285
2020-08-11,0.0008337571428571431
2020-08-12,-0.0006399000000000001
2020-08-13,-0.012200657142857143
2020-08-14,0.009939228571428572
2020-08-17,-0.024265824754371428
2020-08-18,-0.021339042857142856
2020-08-19,-0.002203314285714286
2020-08-20,-0.0174889
2020-08-21,-0.015048471428571429
2020-08-24,0.043627714285714284
2020-08-25,-0.004174285714285715
2020-08-26,-0.0217002
2020-08-27,0.014244771428571426
2020-08-28,0.021683071428571427
2020-08-31,-0.02283012857142857
2020-09-01,0.0004056999999999997
2020-09-02,0.007649185714285713
2020-09-03,0.0043150714285714285
2020-09-04,0.009654528571428572
2020-09-08,-0.027490328571428573
2020-09-09,-0.002775728571428572
2020-09-10,-0.022246571428571428
2020-09-11,0.00014318571428571444
2020-09-14,0.022942499999999998
2020-09-15,-0.005369399999999999
2020-09-16,0.03448345714285714
2020-09-17,-0.0065941142857142854
2020-09-18,-0.0205916
2020-09-21,-0.05204482857142857
2020-09-22,-0.003919728571428572
2020-09-23,-0.03176204285714286
2020-09-24,-0.0009165142857142859
2020-09-25,0.007997271428571429
2020-09-28,0.02360818571428571
2020-09-29,-0.019361957142857142
2020-09-30,0.0007248428571428565
2020-10-01,0.0032180857142857146
2020-10-02,0.020124181980114286
2020-10-05,0.018401414285714283
2020-10-06,-0.015128614285714286
2020-10-07,0.02231118571428571
2020-10-08,0.033953842857142855
2020-10-09,-0.021164008038442858
2020-10-12,-0.0010617142857142858
2020-10-13,-0.022397214285714284
2020-10-14,0.0009800428571428569
2020-10-15,0.0077552714285714286
2020-10-16,-0.0130832
2020-10-19,-0.008548728571428571
2020-10-20,0.01792908571428571
2020-10-21,-0.0040388142857142855
2020-10-22,0.02910837142857143
2020-10-23,0.004662742857142857
2020-10-26,-0.03670132857142857
2020-10-27,-0.022566871428571427
2020-10-28,-0.03900617142857143
2020-10-29,0.026274842857142856
2020-10-30,0.005416657142857142
2020-11-02,0.0275286
2020-11-03,0.021313114285714287
2020-11-04,-0.015044971428571429
2020-11-05,0.02240165714285714
2020-11-06,-0.017594
2020-11-09,0.1560304142857143
2020-11-10,0.0075283
2020-11-11,-0.018778
2020-11-12,-0.027264342857142854
2020-11-13,0.041200071428571426
2020-11-16,0.04991414285714286
2020-11-17,0.01284472857142857
2020-11-18,-0.009990185714285713
2020-11-19,0.018809314285714286
2020-11-20,-0.008709742857142858
2020-11-23,0.053021399999999996
2020-11-24,0.04436974285714286
2020-11-25,-0.008503557142857141
2020-11-27,-0.00870292857142857
2020-11-30,-0.034679499999999995
2020-12-01,0.013300842857142859
2020-12-02,0.025218528571428568
2020-12-03,0.020297557142857144
2020-12-04,0.039564714285714286
2020-12-07,-0.0155988
2020-12-08,0.006985985714285713
2020-12-09,-0.0007617999999999998
2020-12-10,0.017334128571428572
2020-12-11,-0.015790414285714285
2020-12-14,-0.02759872857142857
2020-12-15,0.024767414285714287
2020-12-16,-0.010024271428571428
2020-12-17,0.0009519428571428575
2020-12-18,-0.016779557142857143
2020-12-21,-0.013054542857142857
2020-12-22,-0.0112936
2020-12-23,0.025115457142857144
2020-12-24,-0.005813971428571429
2020-12-28,0.005575671428571428
2020-12-29,-0.006976685714285714
2020-12-30,0.01481607142857143
2020-12-31,-0.0006330142857142859
2021-01-04,-0.011268899999999998
2021-01-05,0.028347785714285714
2021-01-06,0.026023142857142856
2021-01-07,0.010690514285714284
2021-01-08,-0.0038451857142857136
2021-01-11,0.0006733428571428571
2021-01-12,0.027470442857142858
2021-01-13,-0.004206142857142856
2021-01-14,0.026958914285714283
2021-01-15,-0.0227573
2021-01-19,0.005544771428571428
2021-01-20,-0.0006440714285714287
2021-01-21,-0.019619142857142856
2021-01-22,0.00048655714285714255
2021-01-25,-0.0039686714285714275
2021-01-26,-0.0006205428571428575
2021-01-27,-0.0014211428571428578
2021-01-28,0.004986600000000001
2021-01-29,-0.02629957142857143
2021-02-01,0.0021168142857142854
2021-02-02,0.010055771428571428
2021-02-03,0.025949385714285716
2021-02-04,0.014871942857142856
2021-02-05,0.0030068142857142856
2021-02-08,0.023928657142857142
2021-02-09,-0.004482842857142857
2021-02-10,0.0115531
2021-02-11,-0.008501971428571429
2021-02-12,0.00824652857142857
2021-02-16,0.01680667142857143
2021-02-17,0.0035818142857142856
2021-02-18,-0.016086714285714288
2021-02-19,0.01861857142857143
2021-02-22,0.02664887142857143
2021-02-23,0.010210814285714284
2021-02-24,0.030632285714285713
2021-02-25,-0.0236384
2021-02-26,-0.011614157142857143
2021-03-01,0.0215577
2021-03-02,-0.005079185714285714
2021-03-03,0.01523972857142857
2021-03-04,0.0014824285714285712
2021-03-05,0.021199471428571426
2021-03-08,0.011181914285714285
2021-03-09,-0.011776157142857142
2021-03-10,0.0191929
2021-03-11,0.004142657142857142
2021-03-12,0.010462385714285715
2021-03-15,0.006835742857142856
2021-03-16,-0.024624300000000002
2021-03-17,0.00878227142857143
2021-03-18,-0.024325799999999998
2021-03-19,0.0011626714285714282
2021-03-22,-0.01117977142857143
2021-03-23,-0.027709957142857143
2021-03-24,0.003315514285714286
2021-03-25,0.017456171428571428
2021-03-26,0.015971157142857142
2021-03-29,-0.013015742857142855
2021-03-30,0.010415657142857143
2021-03-31,-0.0043340428571428564
2021-04-01,0.0094585
2021-04-05,0.003944885714285714
2021-04-06,0.002302971428571429
2021-04-07,-8.261428571428565e-05
2021-04-08,-0.0039899
2021-04-09,-0.00041517142857142855
2021-04-12,-0.0017795999999999999
2021-04-13,0.0021995714285714283
2021-04-14,0.006390485714285714
2021-04-15,0.0072535142857142855
2021-04-16,0.002189914285714286
2021-04-19,-0.0010371714285714285
2021-04-20,-0.005627028571428572
2021-04-21,0.010203
2021-04-22,-0.007925771428571428
2021-04-23,0.007283657142857142
2021-04-26,0.0023994142857142855
2021-04-27,0.00023720000000000013
2021-04-28,0.007183957142857142
2021-04-29,0.008484842857142858
2021-04-30,-0.001570057142857143
2021-05-03,0.0012248315789473684
2021-05-04,-0.001753736842105263
2021-05-05,-0.0010452105263157895
2021-05-06,0.001081463157894737
2021-05-07,0.0005791473684210527
2021-05-10,0.0004978736842105264
2021-05-11,-0.0019484526315789474
2021-05-12,-0.003723957894736842
2021-05-13,0.003122336842105263
2021-05-14,0.0023604526315789474
2021-05-17,-6.89789473684211e-05
2021-05-18,-0.0013145473684210527
2021-05-19,-0.0010165052631578948
2021-05-20,0.0025867052631578947
2021-05-21,0.0007569263157894738
2021-05-24,0.0010221157894736844
2021-05-25,-0.00018812631578947367
2021-05-26,0.0009342631578947368
2021-05-27,-0.0009381157894736841
2021-05-28,0.000907178947368421
2021-06-01,-0.0006025263157894737
2021-06-02,0.0007811789473684211
2021-06-03,0.00020165263157894732
2021-06-04,0.0015927473684210524
2021-06-07,0.0036633263157894733
2021-06-08,0.0001420631578947369
2021-06-09,0.0014070105263157893
2021-06-10,0.0014518736842105261
2021-06-11,-0.001058578947368421
2021-06-14,0.0014797894736842104
2021-06-15,-0.0006523368421052631
2021-06-16,-0.0016857684210526318
2021-06-17,-0.00037305263157894736
2021-06-18,-0.0031386210526315786
2021-06-21,0.003109536842105263
2021-06-22,-0.0007511473684210526
2021-06-23,-0.0018251052631578946
2021-06-24,0.0005619684210526315
2021-06-25,0.0014583052631578948
2021-06-28,-0.0010502631578947366
2021-06-29,-0.0011305473684210528
2021-06-30,0.00014577894736842112
2021-07-01,0.006013244897959183
2021-07-02,0.0038529999999999992
2021-07-06,-0.0021556530612244895
2021-07-07,0.005669857142857142
2021-07-08,-0.0040088979591836734
2021-07-09,0.0051022653061224485
2021-07-12,-0.0011591020408163262
2021-07-13,-0.005111775510204081
2021-07-14,0.0005347959183673467
2021-07-15,0.0013153673469387748
2021-07-16,0.001401387755102041
2021-07-19,-0.011599346938775509
2021-07-20,0.00652734693877551
2021-07-21,-0.002439714285714285
2021-07-22,0.0008592244897959182
2021-07-23,0.006918244897959183
2021-07-26,-0.0032469591836734694
2021-07-27,0.004393489795918367
2021-07-28,-0.0011338163265306128
2021-07-29,-0.0018857755102040822
2021-07-30,0.0001465510204081634
2021-08-02,0.003459408163265306
2021-08-03,-4.2571428571428166e-05
2021-08-04,-0.007281571428571428
2021-08-05,0.0007885102040816323
2021-08-06,0.0010937346938775512
2021-08-09,-0.000859632653061224
2021-08-10,-0.0022827755102040816
2021-08-11,0.0009406734693877547
2021-08-12,0.00018114285714285717
2021-08-13,0.004608979591836734
2021-08-16,0.001910734693877551
2021-08-17,0.005137591836734694
2021-08-18,-0.010582122448979592
2021-08-19,0.001553877551020408
2021-08-20,0.008482530612244897
2021-08-23,-0.0012773877551020408
2021-08-24,-0.0005426938775510205
2021-08-25,0.00012906122448979576
2021-08-26,-0.007785163265306123
2021-08-27,0.006234999999999999
2021-08-30,0.0055459795918367345
2021-08-31,0.003375285714285714
2021-09-01,0.005123295081967213
2021-09-02,0.00784155737704918
2021-09-03,-0.0016366065573770498
2021-09-07,-0.009404360655737706
2021-09-08,0.006937672131147541
2021-09-09,-0.007894409836065576
2021-09-10,-0.006023983606557377
2021-09-13,0.00524044262295082
2021-09-14,-0.004668180327868853
2021-09-15,0.0050314590163934424
2021-09-16,-0.0045576885245901646
2021-09-17,-0.004364786885245902
2021-09-20,-0.008542131147540984
2021-09-21,-0.0016733278688524592
2021-09-22,0.002806163934426229
2021-09-23,0.0035495081967213114
2021-09-24,-2.2409836065573688e-05
2021-09-27,-0.0005184918032786886
2021-09-28,-0.00884483606557377
2021-09-29,0.00631255737704918
2021-09-30,-0.008096803278688523
2021-10-01,0.011077016129032259
2021-10-04,-0.00416624193548387
2021-10-05,0.002766161290322581
2021-10-06,0.003168693548387096
2021-10-07,0.006063241935483871
2021-10-08,0.0018064677419354837
2021-10-11,-0.008729483870967742
2021-10-12,-0.0014981774193548385
2021-10-13,0.007686951612903226
2021-10-14,0.013990564516129032
2021-10-15,0.004014064516129032
2021-10-18,-0.004643758064516128
2021-10-19,0.006558838709677419
2021-10-20,0.006970483870967742
2021-10-21,0.0013375967741935486
2021-10-22,0.0027293870967741935
2021-10-25,4.172580645161279e-05
2021-10-26,-0.0004963870967741936
2021-10-27,-0.016182612903225806
2021-10-28,0.007032919354838708
2021-10-29,-0.0035760967741935486
2021-11-01,0.00964167741935484
2021-11-02,-0.0007988064516129031
2021-11-03,0.006167516129032258
2021-11-04,0.00047525806451612936
2021-11-05,0.003840419354838711
2021-11-08,0.0018558387096774195
2021-11-09,-0.000917693548387097
2021-11-10,-0.002773854838709678
2021-11-11,-0.000614596774193548
2021-11-12,0.004095645161290322
2021-11-15,0.003465693548387097
2021-11-16,-0.00025622580645161285
2021-11-17,-0.007382870967741936
2021-11-18,-0.009255887096774194
2021-11-19,-0.0031770806451612904
2021-11-22,-0.0005182419354838714
2021-11-23,0.003955629032258065
2021-11-24,0.0002620161290322583
2021-11-26,-0.013474870967741935
2021-11-29,0.0016482419354838709
2021-11-30,-0.024097612903225804
2021-12-01,-0.008535403846153847
2021-12-02,0.018486000000000002
2021-12-03,0.0026921923076923078
2021-12-06,0.017896788461538464
2021-12-07,0.010625865384615385
2021-12-08,0.0060662500000000005
2021-12-09,-0.005445288461538462
2021-12-10,-0.000522423076923077
2021-12-13,0.004261846153846153
2021-12-14,-0.004399269230769231
2021-12-15,0.012725596153846153
2021-12-16,0.0032036153846153837
2021-12-17,-0.004983615384615385
2021-12-20,-0.004030250000000001
2021-12-21,0.014729903846153847
2021-12-22,0.006701250000000001
2021-12-23,0.005672173076923077
2021-12-27,0.006035615384615385
2021-12-28,0.0015083076923076925
2021-12-29,0.0009749230769230774
2021-12-30,0.0009091730769230772
2021-12-31,-0.001514153846153846
2022-01-03,0.014708957142857141
2022-01-04,0.006212371428571428
2022-01-05,-0.01595741428571428
2022-01-06,-0.0005623714285714282
2022-01-07,0.006195585714285715
2022-01-10,-0.006555528571428571
2022-01-11,0.013267414285714287
2022-01-12,-0.004168671428571429
2022-01-13,-0.0027189571428571434
2022-01-14,0.0048865285714285705
2022-01-18,-0.013961271428571427
2022-01-19,-0.006669271428571428
2022-01-20,-0.013487571428571429
2022-01-21,-0.0180591
2022-01-24,0.006659071428571428
2022-01-25,-0.009989199999999998
2022-01-26,-0.0098349
2022-01-27,-0.007232
2022-01-28,0.021381842857142855
2022-01-31,0.019986271428571428
2022-02-01,0.008259485714285714
2022-02-02,-0.007171714285714285
2022-02-03,-0.019620014285714284
2022-02-04,0.004612928571428572
2022-02-07,0.0017028857142857142
2022-02-08,0.007838714285714286
2022-02-09,0.02754185714285714
2022-02-10,-0.013352871428571427
2022-02-11,-0.01763982857142857
2022-02-14,-0.0058429
2022-02-15,0.022750242857142854
2022-02-16,-0.004814828571428571
2022-02-17,-0.023842642857142857
2022-02-18,-0.009105357142857144
2022-02-22,-0.014438571428571427
2022-02-23,-0.01926297142857143
2022-02-24,0.02173347142857143
2022-02-25,0.018799771428571428
2022-02-28,-0.00509252857142857
2022-03-01,-0.016328464788732393
2022-03-02,0.022287887323943663
2022-03-03,-0.019544521126760563
2022-03-04,-0.019173154929577465
2022-03-07,-0.032138802816901416
2022-03-08,0.0059421549295774635
2022-03-09,0.032193577464788736
2022-03-10,-0.015585098591549294
2022-03-11,-0.02581285915492958
2022-03-14,-0.025880873239436622
2022-03-15,0.027675915492957746
2022-03-16,0.03899308450704225
2022-03-17,0.01949645070422535
2022-03-18,0.01942640845070423
2022-03-21,-0.008778830985915493
2022-03-22,0.02327642253521127
2022-03-23,-0.01647098591549296
2022-03-24,0.01716374647887324
2022-03-25,-0.0022372394366197185
2022-03-28,0.012117816901408451
2022-03-29,0.02856353521126761
2022-03-30,-0.019297591549295775
2022-03-31,-0.014030760563380281
2022-04-01,0.0006470985915492958
2022-04-04,0.018964605633802818
2022-04-05,-0.023433690140845072
2022-04-06,-0.021599197183098592
2022-04-07,-0.004699211267605634
2022-04-08,-0.0033252746935915497
2022-04-11,-0.007000014084507043
2022-04-12,-0.007206971830985915
2022-04-13,0.02058419718309859
2022-04-14,-0.011011549295774647
2022-04-18,-0.0067275633802816905
2022-04-19,0.026445704225352112
2022-04-20,-0.013538732394366197
2022-04-21,-0.021812816901408454
2022-04-22,-0.02923516901408451
2022-04-25,0.013535507042253522
2022-04-26,-0.0338365352112676
2022-04-27,-0.0031129577464788726
2022-04-28,0.03737846478873239
2022-04-29,-0.02854518309859155
2022-05-02,0.017128
2022-05-03,0.005362760563380281
2022-05-04,0.026669830985915494
2022-05-05,-0.041353746478873236
2022-05-06,-0.030903197183098592
2022-05-09,-0.04364891549295775
2022-05-10,-0.003242760563380282
2022-05-11,-0.02862818309859155
2022-05-12,0.01388376056338028
2022-05-13,0.039916718309859156
2022-05-16,-0.011910915492957745
2022-05-17,0.03256316901408451
2022-05-18,-0.04746166197183099
2022-05-19,0.0021953521126760567
2022-05-20,-0.003878028169014085
2022-05-23,-0.0007722676056338026
2022-05-24,-0.0317649014084507
2022-05-25,0.028562774647887326
2022-05-26,0.03288180281690141
2022-05-27,0.030137323943661976
2022-05-31,-0.006839704225352113
2022-06-01,-0.012846366197183098
2022-06-02,0.03262288732394366
2022-06-03,-0.020581549295774645
2022-06-06,0.00118756338028169
2022-06-07,0.008479478873239438
2022-06-08,-0.00961412676056338
2022-06-09,-0.033051450704225355
2022-06-10,-0.03913266197183099
2022-06-13,-0.059413845070422536
2022-06-14,0.00173125352112676
2022-06-15,0.023410535211267604
2022-06-16,-0.05055266197183099
2022-06-17,0.02631205633802817
2022-06-21,0.005827309859154929
2022-06-22,0.002552605633802817
2022-06-23,0.018890591549295777
2022-06-24,0.042686535211267605
2022-06-27,-0.008398676056338029
2022-06-28,-0.01216998591549296
2022-06-29,-0.020775352112676056
2022-06-30,-0.02059411267605634
2022-07-01,0.01278281690140845
2022-07-05,0.02131345070422535
2022-07-06,-0.01659161971830986
2022-07-07,0.03191605633802817
2022-07-08,-0.006475661971830986
2022-07-11,-0.031081197183098597
2022-07-12,0.003871112676056337
2022-07-13,-0.0014998732394366195
2022-07-14,-0.01757466197183099
2022-07-15,0.02889507042253521
2022-07-18,0.007190169014084508
2022-07-19,0.04377639436619718
2022-07-20,0.030311492957746475
2022-07-21,0.007112647887323944
2022-07-22,-0.021530661971830987
2022-07-25,-0.005737732394366197
2022-07-26,-0.02750594366197183
2022-07-27,0.03600721126760563
2022-07-28,0.017023352112676058
2022-07-29,0.004421732394366197
2022-08-01,0.006749704225352113
2022-08-02,0.0028989999999999997
2022-08-03,0.03122042253521127
2022-08-04,0.0009899577464788736
2022-08-05,0.011758169014084507
2022-08-08,0.015753352112676058
2022-08-09,-0.03462471830985915
2022-08-10,0.040779211267605635
2022-08-11,0.00464569014084507
2022-08-12,0.02109567605633803
2022-08-15,0.004920140845070422
2022-08-16,0.013028957746478873
2022-08-17,-0.024145211267605632
2022-08-18,-0.0005406760563380288
2022-08-19,-0.03140666197183098
2022-08-22,-0.03941785915492958
2022-08-23,-0.003085929577464789
2022-08-24,0.014191845070422536
2022-08-25,0.017721794366197186
2022-08-26,-0.042149816901408454
2022-08-29,-0.00556125352112676
2022-08-30,-0.009611140845070422
2022-08-31,-0.014496169014084508
2022-09-01,-0.0019284366197183096
2022-09-02,-0.006519197183098591
2022-09-06,-0.01364270422535211
2022-09-07,0.031954239436619715
2022-09-08,0.012333774647887326
2022-09-09,0.027467084507042255
2022-09-12,0.013371323943661974
2022-09-13,-0.05363361971830986
2022-09-14,0.002636338028169014
2022-09-15,9.287323943661923e-05
2022-09-16,-0.009183943661971831
2022-09-19,0.005104577464788732
2022-09-20,-0.023357098591549295
2022-09-21,-0.02101859154929578
2022-09-22,-0.025056830985915494
2022-09-23,-0.016630126760563385
2022-09-26,-0.016104281690140845
2022-09-27,0.0022941408450704226
2022-09-28,0.03414715492957746
2022-09-29,-0.031073845070422535
2022-09-30,-0.0228857323943662
2022-10-03,0.02663887323943662
2022-10-04,0.05184287323943662
2022-10-05,0.00012722535211267616
2022-10-06,-0.009125267605633803
2022-10-07,-0.032779774647887325
2022-10-10,-0.014133098591549296
2022-10-11,-0.008385140845070423
2022-10-12,0.0036485492957746475
2022-10-13,0.017623154929577466
2022-10-14,-0.024238014084507042
2022-10-17,0.035506915492957744
2022-10-18,0.014948859154929578
2022-10-19,-0.02478028169014084
2022-10-20,-0.005945352112676057
2022-10-21,0.025100521126760564
2022-10-24,0.009886309859154929
2022-10-25,0.03445476056338028
2022-10-26,-0.00515843661971831
2022-10-27,-0.010775181969577465
2022-10-28,0.02466792957746479
2022-10-31,-0.007366042253521127
2022-11-01,-0.0050321690140845065
2022-11-02,-0.04065095774647887
2022-11-03,-0.011003239436619718
2022-11-04,0.019707690140845068
2022-11-07,0.008316845070422536
2022-11-08,0.00974556338028169
2022-11-09,-0.03351246478873239
2022-11-10,0.09445719718309858
2022-11-11,0.044279042253521125
2022-11-14,-0.017168408450704227
2022-11-15,0.022766112676056337
2022-11-16,-0.03357953521126761
2022-11-17,-0.003819535211267607
2022-11-18,0.001125802816901409
2022-11-21,-0.015588816901408451
2022-11-22,0.018373845070422536
2022-11-23,0.009724492957746479
2022-11-25,-0.002152253521126761
2022-11-28,-0.02038467605633803
2022-11-29,0.00409838028169014
2022-11-30,0.03232543661971831
2022-12-01,0.010973197183098592
2022-12-02,-0.005668788732394367
2022-12-05,-0.03315153521126761
2022-12-06,-0.022784957746478873
2022-12-07,-0.006539169014084507
2022-12-08,0.014800577464788732
2022-12-09,-0.006428436619718311
2022-12-12,0.013585323943661971
2022-12-13,0.018880154929577467
2022-12-14,-0.00823669014084507
2022-12-15,-0.03361907042253521
2022-12-16,-0.015574408450704227
2022-12-19,-0.021158014084507043
2022-12-20,-0.000815450704225352
2022-12-21,0.016033154929577464
2022-12-22,-0.01768330985915493
2022-12-23,0.002873478873239437
2022-12-27,-0.010741000000000002
2022-12-28,-0.01566880281690141
2022-12-29,0.03784649295774648
2022-12-30,-0.0008045211267605637
2023-01-03,-0.0010865492957746479
2023-01-04,0.03130791549295775
2023-01-05,-0.02096508450704225
2023-01-06,0.01957023943661972
2023-01-09,0.010985732394366197
2023-01-10,0.01779512676056338
2023-01-11,0.028495323943661974
2023-01-12,0.01451367605633803
2023-01-13,0.0028580422535211276
2023-01-17,0.009563239436619719
2023-01-18,-0.01293350704225352
2023-01-19,-0.017959957746478874
2023-01-20,0.031001661971830987
2023-01-23,0.027816605633802814
2023-01-24,-0.010068380281690142
2023-01-25,0.0011940985915492956
2023-01-26,0.010718140845070423
2023-01-27,0.015968591549295776
2023-01-30,-0.01768130985915493
2023-01-31,0.02200888732394366
2023-02-01,0.026884112676056338
2023-02-02,0.03875395774647887
2023-02-03,-0.022906478873239437
2023-02-06,-0.0012969859154929589
2023-02-07,0.005543056338028169
2023-02-08,-0.024513521126760567
2023-02-09,-0.016677549295774648
2023-02-10,-0.012997267605633803
2023-02-13,0.01764625352112676
2023-02-14,0.010176154929577465
2023-02-15,0.018716394366197184
2023-02-16,-0.02296654929577465
2023-02-17,-0.009289211267605634
2023-02-21,-0.03869298591549296
2023-02-22,0.004494028169014085
2023-02-23,0.001263971830985915
2023-02-24,-0.024878957746478872
2023-02-27,-0.0015333239436619715
2023-02-28,-0.0001887042253521125
2023-03-01,-0.004938478873239436
2023-03-02,0.011808281690140844
2023-03-03,0.01679098591549296
2023-03-06,-0.014991380281690142
2023-03-07,-0.018578323943661972
2023-03-08,0.001130056338028169
2023-03-09,-0.03732159154929578
2023-03-10,-0.03828011267605634
2023-03-13,-0.00873618309859155
2023-03-14,0.01012425352112676
2023-03-15,-0.0063732253521126755
2023-03-16,0.011917070422535214
2023-03-17,-0.0185193661971831
2023-03-20,0.0005740704225352116
2023-03-21,0.018154450704225354
2023-03-22,-0.021869281690140845
2023-03-23,-0.006443042253521128
2023-03-24,0.005112309859154929
2023-03-27,0.006146183098591549
2023-03-28,0.0007706901408450709
2023-03-29,0.019174309859154928
2023-03-30,0.000820901408450704
2023-03-31,0.01933281690140845
2023-04-03,-0.006002253521126761
2023-04-04,-0.010869380281690141
2023-04-05,-0.011579845070422536
2023-04-06,0.001792619718309859
2023-04-10,0.008397084507042255
2023-04-11,0.013369295774647887
2023-04-12,-0.018472408450704227
2023-04-13,0.013573507042253522
2023-04-14,-0.006375253521126761
2023-04-17,0.011382464788732394
2023-04-18,-0.0004751126760563378
2023-04-19,0.006768591549295775
2023-04-20,-0.021146774647887327
2023-04-21,0.002675774647887324
2023-04-24,-0.0055092676056338035
2023-04-25,-0.026192154929577466
2023-04-26,-0.012875239436619716
2023-04-27,0.0210276338028169
2023-04-28,0.01280505633802817
2023-05-01,-0.008535887323943663
2023-05-02,-0.020507814030957746
2023-05-03,-0.003743056338028169
2023-05-04,-0.013518676056338028
2023-05-05,0.02746469014084507
2023-05-08,-0.0014247042253521132
2023-05-09,-0.007830704225352113
2023-05-10,-0.0003062394366197185
2023-05-11,-0.005981760563380282
2023-05-12,-0.010172464788732393
2023-05-15,0.012286267605633804
2023-05-16,-0.01809305633802817
2023-05-17,0.02200905633802817
2023-05-18,0.016023408450704227
2023-05-19,-0.010640605633802817
2023-05-22,0.012751633802816902
2023-05-23,-0.00793774647887324
2023-05-24,-0.012824042253521127
2023-05-25,-0.0038308873239436625
2023-05-26,0.016511647887323944
2023-05-30,0.001974746478873239
2023-05-31,-0.013028323943661971
2023-06-01,0.010638535211267607
2023-06-02,0.03634895774647887
2023-06-05,-0.005856845070422535
2023-06-06,0.022064408450704225
2023-06-07,0.010678267605633802
2023-06-08,-0.007542774647887324
2023-06-09,-0.004582084507042254
2023-06-12,0.011637887323943661
2023-06-13,0.01575950704225352
2023-06-14,-0.007809788732394367
2023-06-15,0.010766028169014084
2023-06-16,-0.0037216901408450706
2023-06-20,-0.008504098591549297
2023-06-21,-0.010196535211267605
2023-06-22,-0.007319197183098591
2023-06-23,-0.013276985915492959
2023-06-26,0.009666591549295774
2023-06-27,0.020533845070422534
2023-06-28,-0.0006814366197183091
2023-06-29,0.011256661971830987
2023-06-30,0.008316422535211268
2023-07-03,0.014311760563380281
2023-07-05,-0.009437563380281691
2023-07-06,-0.012148253521126761
2023-07-07,0.013540450704225354
2023-07-10,0.004375112676056338
2023-07-11,0.0231250985915493
2023-07-12,0.002448591549295775
2023-07-13,0.009352408450704225
2023-07-14,-0.015486985915492957
2023-07-17,-0.001118943661971831
2023-07-18,0.015000521126760561
2023-07-19,0.02045949295774648
2023-07-20,-0.007951408450704224
2023-07-21,-0.0013564084507042256
2023-07-24,0.011707112676056338
2023-07-25,-0.00429630985915493
2023-07-26,0.0169777323943662
2023-07-27,-0.011723760563380283
2023-07-28,0.016036464788732392
2023-07-31,0.006103239436619718
2023-08-01,-0.0075231971830985915
2023-08-02,-0.012408802816901408
2023-08-03,-0.0017043661971830985
2023-08-04,-0.003362985915492958
2023-08-07,0.017717436619718308
2023-08-08,-0.004669338028169014
2023-08-09,-0.008939957746478874
2023-08-10,0.0030785492957746477
2023-08-11,-0.0020170563380281685
2023-08-14,-0.009923957746478874
2023-08-15,-0.01710656338028169
2023-08-16,-0.010594957746478872
2023-08-17,-0.0053436760563380275
2023-08-18,-0.0009246619718309857
2023-08-21,0.0005191408450704225
2023-08-22,-0.011465098591549296
2023-08-23,0.010799647887323946
2023-08-24,-0.008009704225352111
2023-08-25,-0.0008389859154929577
2023-08-28,0.012676887323943661
2023-08-29,0.016977464788732397
2023-08-30,0.0006162535211267605
2023-08-31,-0.0005297042253521126
2023-09-01,-0.001365746478873239
2023-09-05,-0.012792028169014084
2023-09-06,-0.008506830985915493
2023-09-07,-0.007312830985915493
2023-09-08,-0.0020224647887323944
2023-09-11,-0.00036528169014084504
2023-09-12,0.001681014084507043
2023-09-13,-0.004570901408450704
2023-09-14,0.019129197183098592
2023-09-15,-0.003246802816901408
2023-09-18,-0.01285112676056338
2023-09-19,0.0033225915492957753
2023-09-20,-0.0017980704225352116
2023-09-21,-0.021895774647887323
2023-09-22,-0.010001352112676056
2023-09-25,-0.0012067887323943664
2023-09-26,-0.01652669014084507
2023-09-27,-0.0018140281690140845
2023-09-28,0.010359070422535211
2023-09-29,0.007135577464788732
2023-10-02,-0.017410957746478876
2023-10-03,-0.019183591549295775
2023-10-04,0.0032863380281690146
2023-10-05,-0.004069070422535211
2023-10-06,0.002714577464788733
2023-10-09,0.006245281690140846
2023-10-10,0.01321994366197183
2023-10-11,0.0007281126760563381
2023-10-12,-0.018872591549295777
2023-10-13,-0.0012900000000000001
2023-10-16,0.01137705633802817
2023-10-17,0.01092469014084507
2023-10-18,-0.01895580281690141
2023-10-19,-0.01776876056338028
2023-10-20,-0.016794408450704224
2023-10-23,-0.009699774647887325
2023-10-24,0.009006169014084507
2023-10-25,-0.012860746478873242
2023-10-26,0.004263323943661972
2023-10-27,-0.02449469014084507
2023-10-30,0.008882535211267606
2023-10-31,0.005072267605633804
2023-11-01,-0.019650633802816904
2023-11-02,0.03925733802816901
2023-11-03,0.03547583098591549
2023-11-06,-0.015484521126760565
2023-11-07,0.0011214788732394365
2023-11-08,-0.009638985915492958
2023-11-09,-0.026901140845070424
2023-11-10,0.006547000000000001
2023-11-13,-0.011500140845070422
2023-11-14,0.05558891549295775
2023-11-15,0.02395954929577465
2023-11-16,-0.014959436619718311
2023-11-17,0.008992957746478875
2023-11-20,0.008395816901408452
2023-11-21,-0.011692957746478874
2023-11-22,0.0037966619718309857
2023-11-24,0.004245535211267606
2023-11-27,-0.008695901408450704
2023-11-28,0.0067540281690140844
2023-11-29,0.01920223943661972
2023-11-30,-0.0010070140845070423
2023-12-01,0.03661885915492957
2023-12-04,0.007762845070422535
2023-12-05,-0.02097374647887324
2023-12-06,0.004686112676056338
2023-12-07,0.01709432394366197
2023-12-08,0.0016071408450704225
2023-12-11,0.003988549295774649
2023-12-12,-0.00916019718309859
2023-12-13,0.04436330985915493
2023-12-14,0.0419835352112676
2023-12-15,-0.009744098591549295
2023-12-18,-0.0050215633802816895
2023-12-19,0.021901140845070423
2023-12-20,-0.025090760563380284
2023-12-21,0.018742605633802815
2023-12-22,0.004972633802816902
2023-12-26,0.01121569014084507
2023-12-27,0.0022059718309859156
2023-12-28,0.005214352112676057
2023-12-29,-0.009214381460704225
2024-01-02,0.007181014084507042
2024-01-03,-0.030924943661971835
2024-01-04,-0.0016684788732394377
2024-01-05,0.0064198450704225345
2024-01-08,0.014394352112676057
2024-01-09,-0.007496830985915493
2024-01-10,-0.0004614507042253516
2024-01-11,-0.012588154929577464
2024-01-12,-0.009712845070422535
2024-01-16,-0.015395577464788734
2024-01-17,-0.013010422535211268
2024-01-18,0.0026444647887323936
2024-01-19,0.00603830985915493
2024-01-22,0.011284591549295776
2024-01-23,0.0036321830985915496
2024-01-24,-0.0062430985915492955
2024-01-25,0.010232830985915493
2024-01-26,0.003929014084507042
2024-01-29,0.009010211267605634
2024-01-30,-0.007660281690140845
2024-01-31,-0.019759774647887324
2024-02-01,0.018967732394366197
2024-02-02,-0.010046
2024-02-05,-0.01603974647887324
2024-02-06,0.014195563380281691
2024-02-07,0.0013863802816901406
2024-02-08,-0.0004655070422535212
2024-02-09,-0.006309816901408451
2024-02-12,0.019726154929577466
2024-02-13,-0.026944000000000003
2024-02-14,0.010928647887323943
2024-02-15,0.01909092957746479
2024-02-16,-0.0020837887323943657
2024-02-20,-0.003143098591549296
2024-02-21,0.002145985915492958
2024-02-22,0.0014497887323943665
2024-02-23,0.00040426760563380275
2024-02-26,-0.011558859154929577
2024-02-27,0.010094957746478873
2024-02-28,-0.0039593943661971834
2024-02-29,0.008664633802816901
2024-03-01,0.005632676056338028
2024-03-04,-0.0027431830985915487
2024-03-05,-0.002832366197183099
2024-03-06,0.004118676056338029
2024-03-07,0.012004943661971832
2024-03-08,0.0025611971830985917
2024-03-11,0.0075441549295774644
2024-03-12,-0.005485802816901408
2024-03-13,0.0007116478873239443
2024-03-14,-0.02031456338028169
2024-03-15,0.0031279014084507045
2024-03-18,0.0006138028169014083
2024-03-19,0.0008187464788732394
2024-03-20,0.014364887323943662
2024-03-21,0.0032799154929577467
2024-03-22,-0.011904450704225352
2024-03-25,0.004303239436619718
2024-03-26,-0.004774830985915492
2024-03-27,0.02708556338028169
2024-03-28,0.009905295774647885
2024-04-01,-0.009078788732394365
2024-04-02,-0.017808352112676056
2024-04-03,0.003622323943661972
2024-04-04,-0.00520256338028169
2024-04-05,-0.0014024084507042254
2024-04-08,0.005307225352112676
2024-04-09,0.015834028169014084
2024-04-10,-0.021957394366197185
2024-04-11,0.0023716619718309865
2024-04-12,-0.02508832394366197
2024-04-15,-0.012636577464788733
2024-04-16,-0.009471915492957748
2024-04-17,-0.0026304366197183104
2024-04-18,0.0022362112676056344
2024-04-19,0.007900014084507042
2024-04-22,0.00625556338028169
2024-04-23,0.009298718309859155
2024-04-24,-0.0014572253521126762
2024-04-25,-0.014454478873239439
2024-04-26,0.006921140845070423
2024-04-29,0.012296098591549296
2024-04-30,-0.019016971830985913
2024-05-01,-0.007035267605633803
2024-05-02,0.020924845070422537
2024-05-03,0.007910676056338026
2024-05-06,0.006320732394366198
2024-05-07,0.00257730985915493
2024-05-08,-0.0027998169014084506
2024-05-09,0.012154859154929578
2024-05-10,-0.003512084507042253
2024-05-13,0.018270352112676053
2024-05-14,0.01963374647887324
2024-05-15,-0.005665042253521128
2024-05-16,0.0029791126760563376
2024-05-17,-0.008862295774647887
2024-05-20,-0.002420802816901408
2024-05-21,-0.0030113098591549297
2024-05-22,0.003075535211267606
2024-05-23,-0.026085140845070423
2024-05-24,0.00824630985915493
2024-05-28,-0.00015754929577464858
2024-05-29,-0.018242901408450703
2024-05-30,0.011265450704225351
2024-05-31,0.020157774647887323
2024-06-03,0.004363492957746479
2024-06-04,-0.008742549295774647
2024-06-05,0.004299915492957747
2024-06-06,0.006579042253521128
2024-06-07,-0.013786830985915493
2024-06-10,0.0007432676056338032
2024-06-11,0.00016580281690140768
2024-06-12,-0.0007099718309859155
2024-06-13,-0.005462901408450705
2024-06-14,-0.01306088732394366
2024-06-17,-0.00014283098591549338
2024-06-18,-0.006437295774647887
2024-06-20,0.0050571408450704215
2024-06-21,0.003882943661971831
2024-06-24,0.007763197183098591
2024-06-25,-0.017831450704225354
2024-06-26,-0.001226971830985915
2024-06-27,-0.0013885774647887316
2024-06-28,-0.002376943661971831
2024-07-01,-0.015920126760563383
2024-07-02,0.0013177323943661975
2024-07-03,0.0010262676056338026
2024-07-05,-0.0013205492957746481
2024-07-08,0.0037649718309859153
2024-07-09,-0.006799323943661972
2024-07-10,0.011044971830985916
2024-07-11,0.031021197183098592
2024-07-12,0.010256704225352112
2024-07-15,-0.00846269014084507
2024-07-16,0.027577591549295774
2024-07-17,0.0039696901408450705
2024-07-18,-0.019251084507042254
2024-07-19,-0.004581408450704226
2024-07-22,0.0062120281690140845
2024-07-23,-0.003993239436619719
2024-07-24,-0.011560619718309859
2024-07-25,0.005412126760563379
2024-07-26,0.025023661971830986
2024-07-29,0.0025716901408450706
2024-07-30,0.010725845070422535
2024-07-31,0.007711225352112677
2024-08-01,-0.01592681690140845
2024-08-02,-0.022433225352112677
2024-08-05,-0.029390591549295776
2024-08-06,0.016024380281690145
2024-08-07,-0.005137084507042254
2024-08-08,0.017226211267605634
2024-08-09,-0.00480430985915493
2024-08-12,-0.014765478873239438
2024-08-13,0.019872323943661972
2024-08-14,-0.0035020845070422536
2024-08-15,0.027903154929577463
2024-08-16,0.003249211267605634
2024-08-19,0.012109197183098592
2024-08-20,-0.00830781690140845
2024-08-21,0.009842802816901409
2024-08-22,-0.010364408450704226
2024-08-23,0.022433873239436616
2024-08-26,-0.0010123802816901406
2024-08-27,-0.005538577464788733
2024-08-28,-0.0043918309859154936
2024-08-29,-0.002181605633802817
2024-08-30,0.0025357042253521126
2024-09-03,-0.018487845070422535
2024-09-04,-0.006151521126760564
2024-09-05,-0.002655408450704226
2024-09-06,-0.010576521126760564
2024-09-09,0.0017863239436619724
2024-09-10,-0.0061483661971830994
2024-09-11,0.0030951971830985928
2024-09-12,0.009564197183098592
2024-09-13,0.02512650704225352
2024-09-16,0.00652456338028169
2024-09-17,0.008494676056338028
2024-09-18,-0.00018274647887323953
2024-09-19,0.009314140845070422
2024-09-20,-0.012557422535211266
2024-09-23,0.004175084507042253
2024-09-24,0.007859154929577465
2024-09-25,-0.013588535211267606
2024-09-26,0.02442180281690141
2024-09-27,0.013167450704225352
2024-09-30,-0.00613725352112676
2024-10-01,-0.008898647887323943
2024-10-02,-0.004488732394366197
2024-10-03,-0.00561281690140845
2024-10-04,0.015312760563380282
2024-10-07,-0.005884859154929578
2024-10-08,-0.005913999999999999
2024-10-09,0.001786112676056338
2024-10-10,-0.0008959577464788732
2024-10-11,0.01036825352112676
2024-10-14,0.0011637464788732403
2024-10-15,-0.009414211267605634
2024-10-16,0.00917323943661972
2024-10-17,-0.0011037605633802817
2024-10-18,0.004924661971830986
2024-10-21,-0.010405366197183099
2024-10-22,-0.0052341408450704225
2024-10-23,-0.011875859154929579
2024-10-24,0.009152267605633804
2024-10-25,-0.0032127464788732395
2024-10-28,0.00885707042253521
2024-10-29,-0.00637669014084507
2024-10-30,9.712676056337997e-05
2024-10-31,-0.01160907042253521
2024-11-01,0.009212845070422537
2024-11-04,0.005240957746478873
2024-11-05,0.009976014084507044
2024-11-06,0.023365732394366196
2024-11-07,-0.00021788732394366047
2024-11-08,-0.0026467605633802827
2024-11-11,0.009092676056338029
2024-11-12,-0.013158887323943663
2024-11-13,0.001164605633802817
2024-11-14,-0.003023830985915493
2024-11-15,-0.019682957746478873
2024-11-18,0.005435267605633803
2024-11-19,-0.009251366197183098
2024-11-20,0.006401352112676056
2024-11-21,0.013814183098591549
2024-11-22,0.017327169014084508
2024-11-25,0.022592619718309864
2024-11-26,-0.01149287323943662
2024-11-27,0.008377774647887323
2024-11-29,0.0035127183098591554
2024-12-02,0.01720585915492958
2024-12-03,-0.00829349295774648
2024-12-04,-0.003937464788732394
2024-12-05,-0.012310647887323944
2024-12-06,-0.0005813943661971827
2024-12-09,0.01380987323943662
2024-12-10,-0.004209845070422535
2024-12-11,0.005497845070422536
2024-12-12,-0.0037453380281690144
2024-12-13,-0.0030456338028169013
2024-12-16,-0.010029760563380282
2024-12-17,-0.009270971830985915
2024-12-18,-0.03519156338028169
2024-12-19,-0.011841492957746478
2024-12-20,0.011912056338028169
2024-12-23,0.003944014084507042
2024-12-24,0.0077413098591549295
2024-12-26,0.0034014507042253524
2024-12-27,-0.005742070422535212
2024-12-30,-0.009742169014084508
2024-12-31,0.007704112676056338
